-- phpMyAdmin SQL Dump
-- version 5.2.1
-- https://www.phpmyadmin.net/
--
-- 主機： 127.0.0.1
-- 產生時間： 2025-10-13 18:40:33
-- 伺服器版本： 10.4.32-MariaDB
-- PHP 版本： 8.2.12

SET SQL_MODE = "NO_AUTO_VALUE_ON_ZERO";
START TRANSACTION;
SET time_zone = "+00:00";


/*!40101 SET @OLD_CHARACTER_SET_CLIENT=@@CHARACTER_SET_CLIENT */;
/*!40101 SET @OLD_CHARACTER_SET_RESULTS=@@CHARACTER_SET_RESULTS */;
/*!40101 SET @OLD_COLLATION_CONNECTION=@@COLLATION_CONNECTION */;
/*!40101 SET NAMES utf8mb4 */;

--
-- 資料庫： `tarot_db`
--

-- --------------------------------------------------------

--
-- 資料表結構 `cards`
--

CREATE TABLE `cards` (
  `id` int(10) NOT NULL,
  `cards_name` varchar(100) NOT NULL
) ENGINE=InnoDB DEFAULT CHARSET=utf8mb4 COLLATE=utf8mb4_general_ci;

--
-- 傾印資料表的資料 `cards`
--

INSERT INTO `cards` (`id`, `cards_name`) VALUES
(1, '愚人'),
(2, '魔術師'),
(3, '女祭司'),
(4, '皇后'),
(5, '皇帝'),
(6, '教皇'),
(7, '戀人'),
(8, '戰車'),
(9, '力量'),
(10, '隱者'),
(11, '命運之輪'),
(12, '正義'),
(13, '倒吊人'),
(14, '死神'),
(15, '節制'),
(16, '惡魔'),
(17, '高塔'),
(18, '星星'),
(19, '月亮'),
(20, '太陽'),
(21, '審判'),
(22, '世界'),
(23, '權杖首牌'),
(24, '權杖二'),
(25, '權杖三'),
(26, '權杖四'),
(27, '權杖五'),
(28, '權杖六'),
(29, '權杖七'),
(30, '權杖八'),
(31, '權杖九'),
(32, '權杖十'),
(33, '權杖侍從'),
(34, '權杖騎士'),
(35, '權杖皇后'),
(36, '權杖國王'),
(37, '聖杯首牌'),
(38, '聖杯二'),
(39, '聖杯三'),
(40, '聖杯四'),
(41, '聖杯五'),
(42, '聖杯六'),
(43, '聖杯七'),
(44, '聖杯八'),
(45, '聖杯九'),
(46, '聖杯十'),
(47, '聖杯侍從'),
(48, '聖杯騎士'),
(49, '聖杯皇后'),
(50, '聖杯國王'),
(51, '寶劍首牌'),
(52, '寶劍二'),
(53, '寶劍三'),
(54, '寶劍四'),
(55, '寶劍五'),
(56, '寶劍六'),
(57, '寶劍七'),
(58, '寶劍八'),
(59, '寶劍九'),
(60, '寶劍十'),
(61, '寶劍侍從'),
(62, '寶劍騎士'),
(63, '寶劍皇后'),
(64, '寶劍國王'),
(65, '錢幣首牌'),
(66, '錢幣二'),
(67, '錢幣三'),
(68, '錢幣四'),
(69, '錢幣五'),
(70, '錢幣六'),
(71, '錢幣七'),
(72, '錢幣八'),
(73, '錢幣九'),
(74, '錢幣十'),
(75, '錢幣侍從'),
(76, '錢幣騎士'),
(77, '錢幣皇后'),
(78, '錢幣國王');

-- --------------------------------------------------------

--
-- 資料表結構 `card_meanings`
--

CREATE TABLE `card_meanings` (
  `id` int(10) NOT NULL,
  `category_id` int(11) NOT NULL,
  `card_id` int(11) NOT NULL,
  `upright_meaning` text NOT NULL,
  `upright_keyword` varchar(255) DEFAULT NULL,
  `reversed_meaning` text NOT NULL,
  `reversed_keyword` varchar(255) DEFAULT NULL
) ENGINE=InnoDB DEFAULT CHARSET=utf8mb4 COLLATE=utf8mb4_general_ci;

--
-- 傾印資料表的資料 `card_meanings`
--

INSERT INTO `card_meanings` (`id`, `category_id`, `card_id`, `upright_meaning`, `upright_keyword`, `reversed_meaning`, `reversed_keyword`) VALUES
(1, 1, 1, '\"單身者：你可能更喜歡短期的戀愛關係，享受短暫的愛情激情，而不是投入終身承諾。\r\n有伴侶者：關係的新開始，重新點燃愛情和熱情的態度。你可能會對伴侶感到更加樂觀和信心滿滿，並願意嘗試新的事情。同時，也可能提醒你需要保持獨立和自由，避免在關係中失去自我或被束縛。\"', '自由,冒險,新開始', '你的關係狀況可能會時常變化，缺乏穩定性。當你看到關係沒有進展時，不安全感可能會增加。你需要做的是為你的生活帶來穩定，而不是四處徘徊或逃避責任。', '猶豫,輕率,迷茫'),
(2, 1, 2, '\"單身者：你散發著自信與魅力，容易吸引潛在對象，這是展現自我的好時機。\r\n有伴侶者：你與伴侶之間的溝通非常良好，能夠深深理解彼此的需要。這張牌提醒你在關係中保持主動與溝通，避免感情停滯。\"', '魅力,吸引,表達', '\"單身者：你可能因缺乏自信而錯失機會，或被不真誠的人吸引。\r\n有伴侶者：關係中可能出現溝通問題，甚至隱藏的欺騙。需要坦誠面對，避免誤會加深。\"', '操控,欺騙,不誠實'),
(3, 1, 3, '\"單身者：可能會暫時處於單身狀態，需要先專注於自我成長，才能迎接愛情。\r\n有伴侶者：你或對方會選擇暫時與彼此分開生活，你與伴侶可能會更注重心靈層面的交流。這張牌也提醒你傾聽直覺，感受關係中未說出口的部分。\"', '直覺,秘密,觀察', '\"單身者：你可能因缺乏自信或過度分析而錯過感情機會。\r\n有伴侶者：關係中可能存在隱藏的問題，例如缺乏溝通或情感的壓抑。需要坦誠面對內心，並與伴侶分享真實感受。\"', '隱瞞,誤解,迷惑'),
(4, 1, 4, '\"單身者：你可能吸引到一個溫柔且支持你的人，或者正準備以愛滋養自己的心靈。\r\n有伴侶者：代表關係中的溫暖與成長。你與伴侶可能會計畫未來，例如建立家庭或加深情感連結。這張牌也提醒你用愛與包容維繫關係。\"', '愛,關懷,滋養', '\"單身者：你可能因缺乏自我價值感而難以接受愛，或過於依賴他人肯定。\r\n有伴侶者：關係中可能出現過度控制或情感疏忽。需要重新建立相互滋養的平衡，避免一方過度付出。\"', '忽略,依賴,冷漠'),
(5, 1, 5, '\"單身者：你可能吸引到一個可靠且有責任感的人，或者正尋找能提供安全感的感情。\r\n有伴侶者：代表關係中的穩定與承諾。你與伴侶可能專注於建立共同的未來，例如婚姻或家庭計畫。這張牌也提醒你保持平衡，避免過度控制。\"', '責任,保護,穩定', '\"單身者：你可能因過於挑剔或控制欲而難以建立關係。\r\n有伴侶者：關係中可能出現權力鬥爭或過度支配。需要放下控制，重新建立平等與信任。\"', '專制,僵化,控制欲'),
(6, 1, 6, '\"單身者：你在尋找一個重視承諾與價值觀的伴侶。\r\n有伴侶者：教皇代表關係中的穩定與儀式性承諾，例如婚姻或共同的信仰。這張牌也提醒你尊重彼此的價值觀，避免過於固執。\"', '信仰,指導,智慧', '\"單身者：你可能抗拒傳統的感情模式，尋求更自由的關係。\r\n有伴侶者：關係中可能出現價值觀衝突或過度依賴傳統的壓力。需要開放溝通，尊重彼此的獨立性。\"', '固執,違規,迷惑'),
(7, 1, 7, '\"單身者：你要先愛你自己，然後當時機成熟，適合的感情便會出現。\r\n有伴侶者：戀人代表關係中的和諧與深層連結。你與伴侶可能達成重要的決定，例如訂婚或共同目標。這張牌也提醒你保持真誠與溝通。\"', '愛情,選擇,關係', '\"單身者：你可能因自我懷疑或錯誤的選擇而推遲愛情。\r\n有伴侶者：關係中可能出現爭執或價值觀衝突。需要坦誠溝通，避免逃避問題。\"', '分離,誤解,猶豫'),
(8, 1, 8, '\"單身者：你可能以堅定的心態追求愛情，或吸引一個有目標感的人。\r\n有伴侶者：戰車代表關係中的進展與共同努力。你與伴侶可能一起克服挑戰，或朝著共同目標前進。這張牌也提醒你平衡情感與行動。\"', '勝利,行動,控制', '\"單身者：你可能因缺乏信心或方向而難以進展感情。\r\n有伴侶者：關係中可能出現衝突或控制問題。需要調整步伐，重新建立和諧。\"', '失控,挫折,衝突'),
(9, 1, 9, '\"單身者：你可能吸引到一個溫和且堅強的人，或者正準備以自信迎接愛情。\r\n有伴侶者：力量代表關係中的信任與耐心。你與伴侶可能需要取得平衡，或以溫柔加深連結。這張牌也提醒你用愛與理解維繫關係，假如這份感情能夠通過考驗，你們的處境將獲得改善。\"', '勇氣,自信,耐心', '單身者：你可能因自我懷疑而推遲愛情，或被衝動的情感誤導。有伴侶者：關係中可能出現不信任，需要以溫柔與坦誠重建穩定。', '懦弱,恐懼,失控'),
(10, 1, 10, '\"單身者：你可能需要獨處來理解自己的感情需求，或吸引一個內省型的人。\r\n有伴侶者：隱者代表關係中的獨立與反思。你與伴侶可能需要空間來成長，花時間好好經營你現在的感情，或是療癒你與自己的關係，這張塔羅牌也代表暫時處於單身狀態，也提醒你重視內心的聲音。\"', '內省,智慧,沉思', '\"單身者：你可能因過度獨處而錯失感情機會，或抗拒敞開心扉。\r\n有伴侶者：關係中可能出現距離感或溝通障礙。需要走出孤獨，與伴侶重新連結。\"', '孤立,迷茫,逃避'),
(11, 1, 11, '\"單身者：你可能因命運的安排遇見重要的人，或迎來感情的轉折。\r\n有伴侶者：命運之輪代表關係中的進展與變化。你與伴侶可能面臨新的階段，例如承諾或挑戰。這張牌也提醒你接受變動，保持和諧。\"', '轉機,機會,循環', '\"單身者：你可能因時機不對或變化而推遲感情進展。\r\n有伴侶者：關係中可能出現波折或意外挑戰，需要耐心與溝通，避免抗拒改變。\"', '阻礙,延遲,不穩'),
(12, 1, 12, '\"單身者：你可能吸引到一個正直且可靠的人，或者正準備以真誠迎接愛情。\r\n有伴侶者：正義代表關係中的公平與真相。你與伴侶可能需要坦誠面對問題，或達成重要的承諾。這張牌也提醒你保持平衡與尊重，關注你的情感需要是否有得到滿足。\"', '公平,平衡,真理', '\"單身者：你可能因誤解或不公平的期待而推遲感情。\r\n有伴侶者：關係中可能出現不信任或權力失衡。需要坦誠溝通，避免逃避問題。\"', '偏見,不公,拖延'),
(13, 1, 13, '\"單身者：你可能需要放下期待，或等待感情的自然發展。\r\n有伴侶者：倒吊人代表關係中的停滯或犧牲。你與伴侶可能需要改變觀點，或為彼此放棄某些控制。這張牌也提醒你信任過程。\"', '犧牲,等待,改變', '\"單身者：你可能因固執或恐懼而推遲感情進展。\r\n有伴侶者：關係中可能出現停滯或逃避問題。需要勇敢面對現實，放下不必要的控制。\"', '停滯,逃避,不安'),
(14, 1, 14, '\"單身者：你可能結束一段舊感情，或準備迎接全新的愛情可能性。\r\n有伴侶者：死神代表關係中的重大轉折，可能是分手。這張牌也提醒你接受終結，為新生騰出空間。\"', '結束,轉變,新開始', '\"單身者：你可能因放不下一段舊情而推遲新的開始。\r\n有伴侶者：關係中可能出現抗拒改變或停滯不前。需要面對現實，放下不再有效的模式。\"', '抗拒,停滯,延遲'),
(15, 1, 15, '\"單身者：你可能吸引到一個溫和且平衡的人，正準備以和諧的心態迎接愛情。\r\n有伴侶者：節制代表關係中的協調與和平。你與伴侶找到共同的節奏，以耐心修復衝突。這張牌提醒你保持平衡與理解。\"', '平衡,和諧,節制', '\"單身者：你可能因情緒失衡或過高期待而推遲感情。\r\n有伴侶者：關係中可能出現衝突或缺乏協調。需要重新平衡彼此的需求，避免過度控制。\"', '失衡,極端,不穩'),
(16, 1, 16, '\"單身者：你可能被一個控制欲強的人吸引，或陷入不健康的執著。\r\n有伴侶者：惡魔代表關係中的束縛或過度依賴。你與伴侶可能受制於慾望或恐懼。這張牌也提醒你檢視關係的真相，尋求自由。\"', '誘惑,束縛,欲望', '\"單身者：你可能從不健康的感情模式中解脫，或準備迎接自由的愛情。\r\n有伴侶者：關係中可能出現解放或結束控制的跡象。需要坦誠面對，並重建健康的連結。\"', '解脫,自由,反抗'),
(17, 1, 17, '\"單身者：你可能經歷感情的突然終結，或因真相揭示而改變期待。\r\n有伴侶者：高塔代表關係中的劇變，可能是分手或深層衝突。這張牌也提醒你接受崩塌，為新開始騰出空間。\"', '突發,破壞,變化', '\"單身者：你可能因恐懼真相而推遲感情進展。\r\n有伴侶者：關係中可能潛伏危機或逃避衝突。需要勇敢面對，迎接改變。\"', '避免災難,延遲,阻礙'),
(18, 1, 18, '\"單身者：你可能迎來你的靈魂伴侶。\r\n有伴侶者：星星代表關係中的療癒與和諧。你與伴侶可能從困難中走出，或以信念加深連結。這張牌也提醒你保持樂觀與信任。\"', '希望,靈感,平靜', '\"單身者：你可能因失望或缺乏信心而推遲感情。\r\n有伴侶者：關係中可能出現迷失或距離感。需要重新燃起希望，加強溝通。\"', '失望,迷惘,猶豫'),
(19, 1, 19, '\"單身者：你可能陷入感情的迷霧，或被一個神秘的人吸引。\r\n有伴侶者：月亮代表關係中的不確定或隱藏的情感。你與伴侶可能需要面對真相，或以直覺加深理解。這張牌也提醒你正視不安。\"', '直覺,幻象,迷惑', '\"單身者：你可能因恐懼或幻象而推遲感情。\r\n有伴侶者：關係中可能出現誤解或隱藏的衝突。需要坦誠面對，化解不安。\"', '清晰,覺察,真相'),
(20, 1, 20, '\"單身者：你可能迎來充滿喜悅的愛情，或吸引一個熱情的人。\r\n有伴侶者：太陽代表關係中的幸福與和諧。你與伴侶的愛意正在滋長，而且非常享受共處的時光。這張牌也提醒你珍惜當下的快樂。\"', '喜悅,成功,快樂', '\"單身者：你可能因缺乏信心或機會而推遲愛情。\r\n有伴侶者：關係中可能出現冷淡或小爭執。需要重新注入熱情，恢復和諧。\"', '挫折,陰影,延遲'),
(21, 1, 21, '\"單身者：很可能你會與舊情人重新交往，並且決定是否值得重新展開這段感情。\r\n有伴侶者：審判代表關係中的重生與真相。你與伴侶可能經歷轉折，或以坦誠加深連結。這張牌也提醒你回應內心的需求。\"', '覺醒,審視,轉變', '\"單身者：你可能因自我懷疑或逃避真相而推遲感情。\r\n有伴侶者：關係中可能出現抗拒或缺乏溝通。需要面對現實，迎接轉化。\"', '拖延,迷惑,逃避'),
(22, 1, 22, '\"單身者：你可能迎來一段圓滿的愛情，或吸引一個成熟穩定的人。\r\n有伴侶者：世界代表關係中的完成與和諧。你與伴侶可能達成重要里程碑，例如婚姻或深層連結。這張牌也提醒你珍惜當下的幸福。\"', '完成,成就,圓滿', '\"單身者：你可能因未放下舊情或缺乏行動而推遲愛情。\r\n有伴侶者：關係中可能出現停滯或未完成的需求。需要重新整合，恢復和諧。\"', '延遲,未完成,阻礙'),
(23, 1, 23, '\"單身者：你可能迎來一段充滿熱情的新戀情。\r\n有伴侶者：權杖王牌代表關係中的新火花。你與伴侶可能重新點燃激情，或一起開啟新的冒險。這張牌也提醒你保持熱情與活力。\"', '新開始,創意,行動', '\"單身者：你可能因缺乏信心或靈感而推遲感情。\r\n有伴侶者：男性不想給出承諾，或是一對伴侶暫時分開，通常是因為工作的關係，而這個一方一直在等待另一方。需要重新注入活力，點燃新的火花。\"', '停滯,阻礙,猶豫'),
(24, 1, 24, '\"單身者：你會遇到一個新戀人，通常會在工作場合遇到這個人，或因為共同朋友或共同興趣而認識。\r\n有伴侶者：權杖二代表關係中的規劃與展望。你與伴侶可能一起制定未來目標，例如旅行或共同計畫。這張牌也提醒你以遠見加深連結。\"', '計畫,抉擇,策略', '\"單身者：你可能因猶豫或缺乏方向而推遲感情。\r\n有伴侶者：你的伴侶似乎不太可靠。需要明確目標，重新協調方向。\"', '猶豫,停滯,不確定'),
(25, 1, 25, '\"單身者：你可能迎來感情的拓展，或吸引一個具遠見的人。\r\n有伴侶者：權杖三代表感情可以開花結果步入禮堂，開展一段重要的關係。\"', '進展,計畫,行動', '\"單身者：你可能因缺乏方向或機會而推遲感情。\r\n有伴侶者：關係中可能出現停滯或計畫不順。需要重新協調目標，恢復成長。\"', '停滯,延遲,阻礙'),
(26, 1, 26, '\"單身者：你可能迎來感情的穩定，或吸引一個具喜悅的人。\r\n有伴侶者：權杖四代表關係中的和諧與慶祝。你與情人之間會敞開心來相互關懷、表達愛意。這張牌也提醒你珍惜當下的幸福。\"', '慶祝,安定,合作', '\"單身者：你可能因不穩定或衝突而推遲感情。\r\n有伴侶者：關係中可能出現爭執或團聚受阻。需要重新建立和諧，解決問題。\"', '爭執,混亂,延遲'),
(27, 1, 27, '\"單身者：你可能面臨感情中的競爭，或與潛在對象產生摩擦。\r\n有伴侶者：權杖五代表關係中的衝突或意見不合。你與伴侶可能因小事爭執。這張牌也提醒你以溝通化解對立，尋求和諧。\"', '競爭,衝突,挑戰', '\"單身者：你可能因害怕衝突而退縮，錯失感情機會。\r\n有伴侶者：關係中可能出現冷戰或和解的跡象。需要放下執著，重建和諧。\"', '妥協,和平,解決'),
(28, 1, 28, '\"單身者：你可能因自信與魅力獲得愛情機會。\r\n有伴侶者：權杖六代表關係中的進展與認可。你與伴侶會向眾人宣布這段戀情，或因努力加深連結。這張牌也提醒你分享喜悅。\"', '勝利,認可,成就', '\"單身者：你可能因缺乏肯定或過高期望而推遲感情。\r\n有伴侶者：關係中可能出現誤解或缺乏支持，可能有人對你表示失望。不需要把人家的失望一直放在心上需要重新溝通，恢復和諧。\"', '挫折,延遲,失敗'),
(29, 1, 29, '\"單身者：你可能需要捍衛自己的感情立場，或面對競爭者。\r\n有伴侶者：權杖七代表關係中的對立或壓力。你與伴侶可能因意見不合而爭執。這張牌也提醒你以勇氣維護關係，尋求平衡。\"', '防禦,挑戰,堅持', '\"單身者：你可能因缺乏信心或壓力而退縮感情。\r\n有伴侶者：關係中可能出現妥協或疲憊感。需要重新評估立場，恢復穩定。\"', '放棄,失敗,退縮'),
(30, 1, 30, '\"單身者：你可能迅速進入一段新戀情，或收到重要的感情訊息。\r\n有伴侶者：權杖八代表關係中的快速進展。你與伴侶可能加速計畫（如旅行或承諾）或感情升溫。這張牌也提醒你保持靈活與溝通。\"', '快速,行動,進展', '\"單身者：你可能因訊息延誤或急於求成而推遲感情。\r\n有伴侶者：關係中可能出現溝通不暢或計畫受阻。需要放慢速度，重新協調。\"', '延遲,阻礙,停滯'),
(31, 1, 31, '\"單身者：你可能因過去傷痕而防備感情，因此在面對新感情時保持警惕。但這張牌提醒你，適當的開放與信任能幫助你迎接新的可能性。\r\n有伴侶者：權杖九代表關係中的試煉或壓力。你與伴侶可能面臨考驗。這張牌也提醒你堅持溝通並彼此支持，感情將更加穩固。\"', '防禦,堅持,警戒', '\"單身者：你可能因為過去的傷害而不敢輕易接受新的感情，對潛在的對象抱有過多的戒心，導致錯失機會。\r\n有伴侶者：你可能感覺對方無法理解你的付出，或者彼此間的防備心與冷淡導致感情陷入僵局。需要更多的溝通與努力來修復信任。\"', '疲憊,放棄,退縮'),
(32, 1, 32, '\"單身者：你可能因感情負擔或過多責任而推遲愛情。\r\n有伴侶者：權杖十代表關係中的壓力或過度付出。你與伴侶可能因責任而疲憊。這張牌也提醒你分擔負擔，尋求平衡。\"', '重擔,責任,壓力', '\"單身者：你可能因疲憊或壓力而放棄感情追求。\r\n有伴侶者：關係中可能出現崩潰或釋放壓力。需要放下過度責任，重建輕鬆。\"', '釋放,減輕,自由'),
(33, 1, 33, '\"單身者：你可能收到愛情訊息，或遇見一個充滿活力的人。\r\n有伴侶者：權杖侍者代表關係中的新鮮感與熱情。你與伴侶可能開啟新冒險，或收到令人興奮的消息。這張牌也提醒你保持熱情與溝通。\"', '新消息,學習,冒險', '\"單身者：你可能因衝動或缺乏計畫而推遲感情。\r\n有伴侶者：關係中可能出現熱情減退。需要穩定方向，重新點燃火花。\"', '遲疑,停滯,迷茫'),
(34, 1, 34, '\"單身者：你可能迅速投入一段熱烈的戀情，或吸引一個充滿衝勁的人。\r\n有伴侶者：權杖騎士代表關係中的激情與行動。你與伴侶可能開啟新冒險，或感情升溫。這張牌也提醒你平衡衝動與穩定。\"', '行動,熱情,衝勁', '\"單身者：你可能因衝動或缺乏方向而推遲感情。\r\n有伴侶者：關係中可能出現爭執或激情冷卻。需要放慢速度，重新平衡。\"', '衝動,延遲,停滯'),
(35, 1, 35, '\"單身者：你可能以魅力吸引愛情，或遇見一個自信熱情的人。\r\n有伴侶者：權杖皇后代表關係中的激情與支持。你與伴侶可能因彼此的溫暖加深連結，或展現共同的活力。這張牌也提醒你保持自信與和諧。\"', '領導,智慧,穩定', '\"單身者：你可能因缺乏自信或過於強勢而推遲感情。\r\n有伴侶者：關係中可能出現支配或不安的情緒。需要放下控制，恢復溫暖。\"', '專橫,操控,固執'),
(36, 1, 36, '\"單身者：你可能吸引一個具遠見與權威的人，或以自信開啟愛情。\r\n有伴侶者：權杖國王代表關係中的穩定與激情。你可能在關係中展現領導力，或與伴侶共同追求目標。這張牌也提醒你保持溫暖與協調。\"', '權威,決策,責任', '\"單身者：你可能因過於強勢或缺乏溫暖而推遲感情。\r\n有伴侶者：關係中可能出現控制或不穩定。需要放下霸道，恢復和諧。\"', '專橫,固執,霸道'),
(37, 1, 37, '\"單身者：你可能迎來一段新戀情，或感受到愛的召喚。\r\n有伴侶者：聖杯王牌代表關係中的情感更新。你與伴侶可能重新點燃愛火，或加深心靈連結。這張牌也提醒你以愛滋養關係。\"', '愛情,喜悅,新開始', '\"單身者：你可能因防備或失落而推遲感情。\r\n有伴侶者：關係中可能出現情感封閉或失落。需要釋放壓抑，重建連結。\"', '失落,延遲,迷茫'),
(38, 1, 38, '\"單身者：你可能迎來一段浪漫的戀情，而且頗為熱烈，深深吸引著你陷入其中。\r\n有伴侶者：聖杯二代表關係中的和諧與共鳴。你與伴侶進入到更深層次的承諾。這張牌也提醒你保持坦誠與平衡。\"', '合作,愛情,伙伴', '\"單身者：你可能因不信任或誤解而推遲感情。\r\n有伴侶者：關係中可能出現爭執或疏遠。需要坦誠溝通，重建連結。\"', '分離,誤解,冷淡'),
(39, 1, 39, '\"單身者：你很快就會在適當時機和心情之下遇到心儀的人，可能是社交場合。\r\n有伴侶者：聖杯三代表關係中的喜悅與和樂。你與伴侶可能共享歡樂時光，或因團聚加深感情。這張牌提醒你珍惜當下幸福。\"', '慶祝,友情,幸福', '\"單身者：你可能因孤立或過度期待而推遲感情。\r\n有伴侶者：關係中可能出現爭執或疏遠感，像是出軌或出現激烈的情緒。需要減少放縱，重建連結。\"', '孤立,失望,衝突'),
(40, 1, 40, '\"單身者：如果你正在追求一份感情，那麼抽到聖杯四這張塔羅牌，代表你會失望。因為過去曾經受到傷害，就設了一些標準將自己保護起來，只要對方不符合你的期待，就斷然拒絕，在這樣的情況下，即使你的靈魂伴侶出現，你也認不出來。\r\n有伴侶者：聖杯四代表關係中的平淡或疏遠。你可能對感情感到無趣。這張牌提醒你重新審視需求，打破停滯。\"', '沉思,滿足,反思', '\"單身者：你可能從不滿足中走出，接受新的愛情可能性。\r\n有伴侶者：關係中可能出現轉機或重新點燃。你需要放下冷漠，迎接改變。\"', '焦慮,無聊,不滿'),
(41, 1, 41, '\"單身者：你可能因過去的感情傷痛而感到悲傷，忽視新機會。\r\n有伴侶者：聖杯五代表關係中的失落或遺憾。你可能因爭執或分離而痛苦。這張牌也提醒你轉向未來的希望，放下執著。\"', '失落,悲傷,悔恨', '\"單身者：你可能從過去傷痛中走出，準備接受新感情。\r\n有伴侶者：關係中可能出現和解或復原的跡象。放下悲傷，重建連結。\"', '釋放,放下,療癒'),
(42, 1, 42, '\"單身者：你可能有機會舊情復燃，你需要權衡一下，是否值得回復這段感情。\r\n有伴侶者：聖杯六代表關係中的溫馨與回憶。你與伴侶可能回顧美好時光，或以純真加深連結。這張牌也提醒你珍惜當下的溫暖。\"', '回憶,懷舊,幸福', '\"單身者：你可能因執著舊情而推遲新感情。\r\n有伴侶者：關係中可能出現疏遠或對過去的不滿。需要放下執念，專注當下。\"', '停滯,逃避,遲疑'),
(43, 1, 43, '\"單身者：你可能陷入愛情幻想，或面臨多重選擇而困惑。\r\n有伴侶者：聖杯七代表關係中的迷霧或不切實際的期待。你可能對感情有過多幻想。這張牌也提醒你以現實審視關係，做出清晰決定。\"', '幻想,選擇,夢想', '\"單身者：你可能從迷戀中醒悟，接受現實的感情機會。\r\n有伴侶者：關係中可能出現真相揭示或決斷時刻。放下幻想，專注真實。\"', '迷茫,錯誤,欺騙'),
(44, 1, 44, '\"單身者：你可能放下舊情，尋找更深的愛情意義。\r\n有伴侶者：聖杯八代表關係中的不滿足或離開。你可能感到感情不再滋養，需做出決定。這張牌也提醒你追尋內心真義。\"', '離開,追求,改變', '\"單身者：你可能因執著舊情而無法前進。\r\n有伴侶者：關係中可能出現停滯或逃避離開。需要勇敢面對，做出改變。\"', '停滯,逃避,迷茫'),
(45, 1, 45, '\"單身者：你可能迎來一段幸福的戀情，苦苦等待戀情的日子已經結束。\r\n有伴侶者：聖杯九代表關係中的圓滿與喜悅。你與伴侶可能享受幸福時光，或實現共同願望。這張牌也提醒你真誠相待。\"', '滿足,願望,幸福', '\"單身者：你可能因過高期待或不滿足而推遲感情。\r\n有伴侶者：關係中可能出現失望或冷漠。需要放下貪婪，珍惜現有。\"', '不滿,延遲,阻礙'),
(46, 1, 46, '\"單身者：你可能迎來一段幸福的戀情，或感受到愛的召喚。\r\n有伴侶者：聖杯十代表關係中的圓滿與和樂。你與伴侶可能享受家庭幸福，或實現共同夢想。這張牌也提醒你珍惜當下的愛。\"', '家庭,幸福,滿足', '\"單身者：你可能因不滿足或孤獨而推遲感情。\r\n有伴侶者：關係中可能出現小爭執或疏遠。需要好好溝通說出真心話。\"', '不和,衝突,失望'),
(47, 1, 47, '\"單身者：你很有可能會遇到新戀情，讓你知道愛情即將降臨在你身上。雖然你可能急著想要談戀愛，但最好還是保持理智暫緩一下。你還有其他的責任，比如工作或考試，暫時還不能拋下不顧。\r\n有伴侶者：聖杯侍者代表關係中的新鮮感與情感啟發。你與伴侶可能收到喜悅的消息，或以純真加深連結。這張牌也提醒你保持情感流動。\"', '好消息,溝通,友善', '\"單身者：你可能因不成熟或幻想而推遲感情。\r\n有伴侶者：關係中這個人情緒不成熟，只是希望得到別人的關注，因此你不能信賴他的意見。需要坦誠溝通，重建真心。\"', '消息延遲,誤解,困惑'),
(48, 1, 48, '\"單身者：你可能會有新的戀情對象，但是最好小心以對。他可能會躲在理想伴侶的性格後面——外表看起來英勇而慷慨，但實際上你卻無法從他的行動看出他真正的心思。\r\n有伴侶者：聖杯騎士代表關係中的浪漫與情感行動。你與伴侶的戀情會滋長。這張牌也提醒你平衡理想與現實。\"', '追求,浪漫,熱情', '\"單身者：你遇到的人不可信賴。他只是放鉤子在釣你，只想有浪漫的戀情或是性關係，但是完全不想跨越愛情的蜜月期。很可能他會四處留情，不斷重複這種操控式的愛情。\r\n有伴侶者：你的這位戀人有親密關係和承諾的困難。他的行為可能經常變幻莫測，但是當你對他提出質疑，他又會否定自己不是那樣，而且試圖把問題轉移到你身上。在這樣的關係之下，離開當然是對你最好的，因為此人除了口若懸河之外，對你完全沒有任何好處。\"', '衝動,失望,迷惑'),
(49, 1, 49, '\"單身者：你可能吸引一個溫柔慈愛的人，或以直覺開啟愛情。\r\n有伴侶者：聖杯皇后代表關係中的深情與支持。你與伴侶可能以溫暖加深連結，或彼此療癒。這張牌也提醒你跟隨你的心。\"', '關愛,直覺,同情', '\"單身者：你可能因情緒化或依賴而推遲感情。\r\n有伴侶者：關係中可能出現嫉妒心，最壞的情況是，表示有人在這段關係裡不忠實。需要設立界限，恢復平衡。\"', '情緒化,依賴,敏感'),
(50, 1, 50, '\"單身者：你可能吸引一個成熟慈悲的人，或以智慧開啟愛情。\r\n有伴侶者：聖杯國王代表關係中的穩定與深情。你與伴侶可能以理解加深連結，或彼此支持。這張牌也提醒你保持情感與理性的平衡。\"', '成熟,智慧,情感控制', '\"單身者：你可能因情緒化或不穩定而推遲感情。\r\n有伴侶者：關係中可能出現操控或情感疏遠。需要放下情緒，恢復平衡。\"', '冷漠,操控,專橫'),
(51, 1, 51, '\"單身者：你可能以清晰的心態追求真愛，或揭示感情真相。\r\n有伴侶者：寶劍王牌代表關係中的清晰與突破。你與伴侶可能坦誠面對問題，或以理智加深理解。這張牌也提醒你保持溝通與決斷。\"', '新想法,決策,分析', '\"單身者：你可能因混亂或衝動而推遲感情。\r\n有伴侶者：關係中可能出現誤解或衝突。需要冷靜溝通，恢復真相。\"', '猶豫,困惑,錯誤'),
(52, 1, 52, '\"單身者：你可能在感情選擇中猶豫，或逃避真相。\r\n有伴侶者：寶劍二代表關係中的僵局或矛盾。你與伴侶可能因意見不合而出現裂縫。這張牌也提醒你以坦誠打破僵持，尋求平衡。\"', '選擇,平衡,決定', '\"單身者：你可能因逃避真相而錯失感情，或做出最終決定。\r\n有伴侶者：關係中可能出現真相揭露或衝突，象徵受到某人的欺騙和蒙蔽。需要勇敢面對，採取行動。\"', '猶豫,困惑,停滯'),
(53, 1, 53, '\"單身者：你可能經歷感情的傷痛，或面對愛情的真相。\r\n有伴侶者：寶劍三代表關係中的心碎或背叛。你可能遭遇分手或信任危機。這張牌也提醒你已經知道真正的問題所在，所有疑惑都已經解除，現在你必須走出震驚的情緒，開始療癒自己，讓自己繼續前進。\"', '心痛,分離,失望', '\"單身者：你可能從失落中復原，或仍壓抑傷痛而無法前進。\r\n有伴侶者：關係中可能出現療癒或和解的跡象。放下悲傷，重建信任。\"', '釋放,療癒,重生'),
(54, 1, 54, '\"單身者：你可能需要休息與反思感情狀態，避免衝動。\r\n有伴侶者：寶劍四代表關係中的冷靜或暫停。你與伴侶可能需要空間沉澱。這張牌也提醒你以平靜修復關係，安靜下來，養精蓄銳。\"', '休息,療癒,沈澱', '\"單身者：你可能因焦慮或過勞而推遲感情。\r\n有伴侶者：關係中可能出現緊張或壓力累積。需要尋求你內在的平靜與平安。以積極的心態善加利用這段時間。\"', '停滯,焦慮,無力'),
(55, 1, 55, '\"單身者：你可能在感情中遭遇競爭或衝突，需反思價值。\r\n有伴侶者：寶劍五代表關係中的爭執或勝負心。你與伴侶可能存在衝突與緊張壓力。這張牌也提醒你避免傷害，尋求和平。\"', '衝突,爭執,競爭', '\"單身者：你可能釋放競爭心，接受感情真相。\r\n有伴侶者：關係中可能出現和解或放下爭執。需要原諒彼此，重建連結。\"', '和解,妥協,學習'),
(56, 1, 56, '\"單身者：你可能遠離過去的感情傷痛，走向新的開始。\r\n有伴侶者：寶劍六代表關係中的過渡或療癒。你與伴侶可能決心離開某個處境或一段感情，讓自己享受一段安靜的時光。這張牌也提醒你以信任迎接新階段。\"', '過渡,轉變,旅程', '\"單身者：你可能因執著過去而無法迎接新感情。\r\n有伴侶者：關係中可能出現停滯或抗拒改變。需要放下執念，尋求平靜。\"', '停滯,困惑,不安'),
(57, 1, 57, '\"單身者：應在開始新關係前明確表達自己的未來計劃，以避免誤解。\r\n有伴侶者：關係中可能會對對方抱有懷疑，這將影響你們的信任關係。這張牌提醒你進行深入的討論以解決問題。\"', '策略,謹慎,計畫', '\"單身者：你可能因缺乏自信而無法迎接新感情，需要堅定自己的立場。\r\n有伴侶者：關係中某一方的背叛行為可能很快被伴侶發現，或者反之。這段關係可能會破裂，但所學到的教訓將使你成為一個更好的人。\"', '欺騙,失敗,阻礙'),
(58, 1, 58, '\"單身者：你可能因恐懼或自我限制而推遲感情。\r\n有伴侶者：寶劍八代表關係中的束縛或壓力。你可能感到挫折沮喪，嚴重的話甚至可能出現恐慌。這張牌也提醒你揭開蒙眼，尋求自由。\"', '束縛,限制,困境', '\"單身者：你可能從恐懼中解放，或仍逃避感情真相。\r\n有伴侶者：關係中可能出現釋放或掙脫壓力，經常還伴隨有強烈的情緒出現，比如罪惡感、憤怒、懊悔。需要正視問題，不要去攻擊你身邊親近的人。\"', '解脫,自由,釋放'),
(59, 1, 59, '\"單身者：你可能因感情恐懼或過去傷痛而焦慮。\r\n有伴侶者：寶劍九代表關係中的壓力或擔憂。你可能過度擔心或失眠。這張牌也提醒你坦誠溝通，尋求慰藉。\"', '焦慮,擔憂,恐懼', '\"單身者：你可能從感情焦慮中釋放，或仍壓抑恐懼而無法前進。\r\n有伴侶者：關係中可能出現壓力緩解或坦誠。需要正視不安，重建平靜。\"', '釋放,解脫,平靜'),
(60, 1, 60, '\"單身者：你可能經歷感情的終結或徹底放下舊愛。\r\n有伴侶者：寶劍十代表關係中的崩潰或痛苦結束。你可能面臨分手或重大轉變。這張牌也提醒你接受現實，尋找新生。\"', '結束,痛苦,失敗', '\"單身者：你可能從仍執著舊痛而無法前進，需要趕快振作起來重新開始。\r\n有伴侶者：關係中你可能會檢討自己過去的行為，內心感到愧疚或憤怒，然後繼續加深負面惡果。試著不要讓自己緊抱著那個壓力不放，接受目前你所遭遇的情境，然後試著放下。\"', '釋放,療癒,重生'),
(61, 1, 61, '\"單身者：你可能以好奇的心探索愛情，或收到關係的訊息。\r\n有伴侶者：寶劍侍者代表關係中的洞察與探究。你可能觀察到新細節，或以理智加深理解。這張牌也提醒你保持溝通與謹慎。\"', '學習,訊息,觀察', '\"單身者：你可能因衝動或猜疑而推遲感情。\r\n有伴侶者：關係中可能出現誤解或不安。需要冷靜溝通，避免多疑。\"', '誤解,迷惑,延遲'),
(62, 1, 62, '\"單身者：你可能以果敢的心態追求愛情，或迅速解決感情困惑。\r\n有伴侶者：寶劍騎士代表關係中的行動與決斷。你與伴侶可能直面問題，或以衝勁推進關係。這張牌也提醒你避免衝動傷害，需要一點耐心，等待整件事緩和下來，再採取進一步行動。\"', '快速行動,決策,冒險', '\"單身者：你可能因衝動或冷漠而推遲感情。\r\n有伴侶者：關係中可能出現爭執或魯莽行為。需要放慢腳步，重建和諧。\r\n\"', '魯莽,衝突,失敗'),
(63, 1, 63, '\"單身者：你可能以理智判斷愛情，或吸引一個聰慧獨立的人。\r\n有伴侶者：寶劍皇后代表關係中的清晰與界限。你與伴侶可能以理性加深理解，或設立界限。這張牌也提醒你避免過於冷酷。\"', '理智,分析,智慧', '\"單身者：你可能因固執而推遲感情。\r\n有伴侶者：關係中可能出現冷漠或誤判而產生疏遠。需要放下嚴苛，重建溫暖。\"', '冷漠,批判,苛刻'),
(64, 1, 64, '\"單身者：你可能會在工作場合吸引一個睿智權威的人，或以理性開啟愛情。\r\n有伴侶者：寶劍國王代表關係中的清晰與領導。你與伴侶可能以公正加深理解，或由你引導方向。這張牌也提醒你避免過於冷漠。\"', '領導,理性,判斷', '\"單身者：你可能因冷漠或固執而推遲感情。\r\n有伴侶者：關係中可能出現操控或不和。需要放下嚴苛，重建溫暖。\"', '專橫,冷漠,操控'),
(65, 1, 65, '\"單身者：你可能遇到一位在物質和情感上都能提供支持的伴侶。\r\n有伴侶者：錢幣王牌代表關係中的穩定與成長。你與伴侶可能因共同的經濟努力或對舒適生活的追求而得到加強。這張牌也提醒在愛情中追求穩定和安全感是重要的，而共同的努力可以為關係帶來長久的滿足和幸福。\"', '新機會,財務,穩定', '\"單身者：你可能因物質或財務問題對關係產生的壓力，或是對物質安全感的過度關注導致情感連接受損。\r\n有伴侶者：關係中可能因財務規劃不同而產生衝突。需要找到物質追求和情感需求之間的平衡，並重新評估對安全感和物質舒適的定義，真正的愛情應該建立在相互支持和理解之上，而不僅僅是物質基礎。\"', '浪費,延遲,阻礙'),
(66, 1, 66, '\"單身者：你可能在感情中尋求平衡，或吸引一個靈活的人。\r\n有伴侶者：錢幣二代表關係中的調和與適應。你與伴侶需要在工作、家庭和個人時間之間找到平衡，以維持和諧的關係。這張牌也提醒你保持平衡與溝通。\"', '平衡,理財,調整', '\"單身者：你可能因壓力或失衡而推遲感情。\r\n有伴侶者：關係中感到疏遠，需要重新評估並調整優先順序，找到新的平衡點。\"', '混亂,不穩,焦慮'),
(67, 1, 67, '\"單身者：你可能在關係中尋求合作，或吸引一個專業穩定的人。\r\n有伴侶者：錢幣三代表關係中的支持與成長。你與伴侶可能共同努力，在家庭事務方面也會有進展。這張牌也提醒你珍惜彼此的貢獻。\"', '合作,技能,努力', '\"單身者：你可能因缺乏合作或分心而推遲感情，或者處在單戀狀態。\r\n有伴侶者：關係中可能出現溝通上的障礙。需要重新協調，加強支持。\"', '衝突,錯失,停滯'),
(68, 1, 68, '\"單身者：你可能尋求穩定的感情，或吸引一個謹慎的人。\r\n有伴侶者：錢幣四代表關係中一種強烈的安全感和對關係的保護欲。你與伴侶可能重視安全感，或以控制和保護來維持關係的穩定性。這張牌也提醒你可能會採取一些手段來穩固現有的關係，例如考慮同居或結婚。\"', '穩定,保護,安全', '\"單身者：你可能因執著或控制而推遲感情。\r\n有伴侶者：關係中可能出現過度的控制和擁有欲反而導致關係中的緊張。需要調整自己的安全感來源，學會信任伴侶，並給予對方更多的空間和自由。通過建立健康的界限和加強信任，尋求情感上的平衡和開放，能夠幫助你和伴侶共同成長，並建立更堅固和和諧的關係。\"', '貪婪,固執,限制'),
(69, 1, 69, '\"單身者：你可能因情感匱乏或孤獨而感到無助。\r\n有伴侶者：錢幣五代表關係中的困難或疏遠。你與伴侶可能面臨壓力或支持不足。這張牌也提醒你尋求幫助，重建連結。\"', '失落,困難,貧困', '\"單身者：你可能從孤獨中復原，或仍拒絕感情支持。\r\n有伴侶者：關係中可能出現困境的緩解和情感的恢復，歷了困難的考驗後，你們的關係變得更加堅固和緊密。這段時期，你們會更加珍惜彼此，共同努力維持和加強感情。\"', '改善,復原,支持'),
(70, 1, 70, '\"單身者：你可能在感情中給予或接受支持，或吸引一個慷慨的人。\r\n有伴侶者：錢幣六代表關係中的互助與平衡。你與伴侶可能互相支持，或以分享加深連結。這張牌也提醒你保持公平與和諧。\"', '分享,平衡,支持', '\"單身者：你可能因依賴或貪心而推遲感情。\r\n有伴侶者：關係中可能出現不公或控制，表裡不一的關係。需要重新平衡，重建互助。\"', '不平衡,貪婪,自私'),
(71, 1, 71, '\"單身者：你可能在感情中耐心等待，或評估未來的可能性。\r\n有伴侶者：錢幣七代表關係中的成長與反思。你與伴侶可能檢視進展，或以耐心加深連結。這張牌也提醒你思考下一個階段。\"', '努力,耐心,成果', '\"單身者：你可能仍在騎驢找馬，並不是特別需要對象。\r\n有伴侶者：關係中可能出現不耐或進展停滯。需要重新耐心，重建成長。\"', '延遲,失望,懈怠'),
(72, 1, 72, '\"單身者：你可能在感情中投入努力，或吸引一個勤奮的人。\r\n有伴侶者：錢幣八代表關係中的成長與努力。你與伴侶可能共同進步，或以投入加深連結。這張牌也提醒你保持耐心與專注。\"', '專注,技能,勤奮', '\"單身者：你可能因分心或缺乏努力而推遲感情。\r\n有伴侶者：關係中可能出現疏忽或進展低效。需要重新投入，重建成長。\"', '怠惰,散漫,疏忽'),
(73, 1, 73, '\"單身者：你可能享受獨立生活，或吸引一個自足穩定的人。\r\n有伴侶者：錢幣九代表關係中的穩定與滿足。你與伴侶可能享受成果，受到另一半的寵溺。這張牌也提醒你分享愛與溫暖。\"', '獨立,成就,享受', '\"單身者：你可能因孤立或自滿而推遲感情。\r\n有伴侶者：關係中可能出現欺騙，一方可能是因為財富而選擇在一起或是不忠。需要放下去重新審視這段感情。\"', '自滿,孤立,浪費'),
(74, 1, 74, '\"單身者：你可能尋求穩定長久的感情，或吸引一個重視家族的人。\r\n有伴侶者：錢幣十代表關係中穩定、和諧和長久的幸福。你與伴侶不僅在情感上深深相愛，還在物質和精神層面上共同努力，為未來的家庭生活打下堅實的基礎。這張牌也提醒你無論面對什麼挑戰，你們都能夠共同克服。\"', '豐盛,穩定,家庭', '\"單身者：你可能因孤立或壓力而推遲感情。\r\n有伴侶者：關係中可能面臨財務壓力或物質上的不確定性，這些問題可能對感情的穩定性造成影響。家庭內部存在意見分歧或價值觀的衝突，導致情感上的疏離。需要通過開放和誠實的對話來解決。只有通過積極面對問題，才能恢復家庭的和諧和穩定。\"', '財務困難,損失,壓力'),
(75, 1, 75, '\"單身者：你可能在感情中學習成長，或吸引一個勤奮務實的人。\r\n有伴侶者：錢幣侍者代表關係中的潛能與努力。你與伴侶可能共同奠基，或以勤奮加深連結。這張牌也提醒你在感情中的耐心、勤奮以及對於共同未來計畫的重視。\"', '新計畫,學習,機會', '\"單身者：你可能因分心或懶散而推遲感情。\r\n有伴侶者：關係中一方或雙方可能未能充分投入到關係中，或是對於深化關係的過程感到不滿或不耐煩，這些情緒和態度可能阻礙了關係的進一步發展和深化。需要反思自己在關係中的態度和行為，學會耐心地聆聽和理解伴侶，並通過共同的努力來克服關係中的挑戰。\"', '不成熟,錯失,延遲'),
(76, 1, 76, '\"單身者：你可能因害羞而畏縮不敢去追求。\r\n有伴侶者：錢幣騎士代表關係中的穩定與努力。你與伴侶可能以務實加深承諾，或穩固基礎。這張牌也提醒你保持耐心與投入。\"', '踏實,努力,穩定', '\"單身者：你可能因過於謹慎或缺乏行動而推遲感情。\r\n有伴侶者：關係中可能出現停滯或疏忽。需要靈活調整，重建穩定以改變無聊的關係。\"', '拖延,固執,遲緩'),
(77, 1, 77, '\"單身者：你可能吸引一個溫暖務實的人，或以滋養的心態開啟感情。\r\n有伴侶者：錢幣皇后代表關係中的穩定與關懷。你與伴侶可能彼此支持有著穩定的戀情，也可能考慮進行人生的另一個階段。這張牌也提醒你保持同理與分享。\"', '富足,養育,穩定', '\"單身者：你可能因控制或不安而推遲感情。\r\n有伴侶者：關係中可能出現疏忽或壓力。需要放下控制，重建溫暖。\"', '過度保護,浪費,依賴'),
(78, 1, 78, '\"單身者：你可能吸引一個穩重權威的人，或以務實開啟感情。\r\n有伴侶者：錢幣國王代表關係中的穩定與支持。你與伴侶可能以實際行動加深連結，或由你引導方向，你們彼此成為對方的動力。這張牌也提醒你保持慷慨與溫暖。\"', '掌控,穩定,財富', '\"單身者：你可能因固執或控制而推遲感情。\r\n有伴侶者：關係中可能出現不和或過度掌控。需要放下貪婪，重建支持。\"', '貪婪,固執,浪費'),
(79, 2, 1, '新的工作型態、自由業、轉行', '創意,機會,突破', '衝動行事、缺乏計劃、錯誤的職業選擇', '拖延,迷失,不專注'),
(80, 2, 2, '高度的溝通力、活用資源與能力、實現構想、發揮長才', '技能,創意,行動', '能力不足、欺詐、缺乏自信導致機會流失', '詭計,懶散,分心'),
(81, 2, 3, '妥善計畫、細膩謹慎、沒有過失、能獨立完成', '洞察,潛力,謹慎', '直覺受阻、缺乏洞察力、對職場環境不信任', '拖延,懶散,不明智'),
(82, 2, 4, '穩定的回報、避免過度揮霍、保持收支平衡、舒適的工作環境', '創造力,繁榮,豐盛', '創造力枯竭、無法發揮才能、人際關係不佳', '浪費,拖延,停滯'),
(83, 2, 5, '優秀的領導力、積極能幹、充分的發揮才能、獲得地位', '計畫,權威,組織', '缺乏紀律、領導不當、工作環境過於僵化', '固執,停滯,權力鬥爭'),
(84, 2, 6, '投入正式教育、尋求導師或從事需要規範的職業、法律相關的職業', '傳統,規則,教導', '對職場規範不滿、不適應公司文化、固守舊觀念', '停滯,迷失,挑戰'),
(85, 2, 7, '合作愉快、選擇符合熱情與價值觀的學習或工作、創意領域或需要合作的職業', '合作,信任,決策', '事業選擇困難、合作夥伴失和、溝通不良', '分歧,誘惑,不專注'),
(86, 2, 8, '追求競爭性目標、領導項目或突破瓶頸的好時機', '決心,前進,掌控', '事業停滯、缺乏方向、缺乏動力或控制能力', '拖延,猶豫,迷失'),
(87, 2, 9, '你的毅力與內在力量將帶來進展，在需要耐心的領域這是面對挑戰、完成任務或展現領導力的好時機', '毅力,掌控,信念', '意志消沉、過於強勢導致職場衝突', '懶散,不自信,拖延'),
(88, 2, 10, '工作中表現出高度的專注力和對深入了解事物本質的渴望，考慮轉換工作領域、深化專業技能或者尋求更有意義的工作', '研究,策略,分析', '職場孤立、無法獲得指導、缺乏長遠規劃', '拖延,困惑,退縮'),
(89, 2, 11, '出現晉升機會、受到長官提攜、工作狀態極佳', '變化,契機,突破', '時機不對、運氣不佳、無法掌控職業變化', '挫折,停滯,迷茫'),
(90, 2, 12, '在職業道路上積極尋求公正和誠信，並且在做出重要決策時，考慮所有相關方的利益和後果，以此促進工作環境的和諧與公平', '規則,分析,決策', '職場不公平、法律糾紛、錯誤決策', '錯誤,偏差,停滯'),
(91, 2, 13, '意味著一段時間內的職業停滯，但這種停滯不應被視為負面，而是一個重新思考和規劃未來的機會', '忍耐,反思,洞察', '事業停滯、遲遲無法獲得升遷、缺乏新視角', '拖延,迷茫,猶豫'),
(92, 2, 14, '積極面對職場的結束和開始，從中發現自己真正的職業熱情和目標', '重生,變化,釋放', '抗拒變革、無法放下過去、不願意轉換跑道', '拖延,停滯,恐懼'),
(93, 2, 15, '追求職業目標時展現出耐心、自制力和適應性，團隊中促進合作與相互理解', '調整,協作,耐心', '工作與生活失衡、缺乏協調性、人際關係緊張', '拖延,不耐煩,分歧'),
(94, 2, 16, '過度追求物質報酬和職位地位，受到上級或同事打壓而忽視了工作的精神滿足和個人價值的實現', '誘惑,掌控,挑戰', '工作壓力過大、不健康的職場環境、受限於惡習', '釋放,拒絕,自由'),
(95, 2, 17, '預示著職場上的突然變化或顛覆，這些變化可能初時帶來不安和困難，但同時也開啟了新的機會和成長的空間', '意外,挑戰,重組', '事業危機、突然失業、公司動盪', '阻止,延遲,保守'),
(96, 2, 18, '職業生涯中的一個轉折點，這個轉折點帶來了更清晰的職業目標，和新的動力，並開始朝著這個方向積極地邁進', '創意,目標,啟發', '缺乏希望、創意受阻、失去職業願景', '停滯,挫折,迷失'),
(97, 2, 19, '工作中可能遇到隱藏的挑戰，或誤導信息，保持冷靜和客觀不讓未經證實的假設或恐懼主導我們的行動', '隱藏,直覺,不確定', '職場謠言、欺騙、不確定感、職業選擇困惑', '洞察,明朗,清楚'),
(98, 2, 20, '代表了業務上的進展、項目的成功完成、同事間的和諧合作', '成就,活力,積極', '成功延遲、努力未被認可、職場不如預期', '停滯,陰影,挫折'),
(99, 2, 21, '你的努力將迎來轉化與成功，這是回應召喚、追求新方向或實現潛能的好時機', '決策,反思,啟示', '無法突破瓶頸、錯過職業轉機、對過去決定後悔', '猶豫,延遲,困惑'),
(100, 2, 22, '職業成就的高峰、完成重大的項目或達成長期的目標，你的努力已經結出豐碩的成果，並為進一步的職業發展奠定了堅實的基礎', '目標達成,成功,旅行', '事業停滯、未能達成目標、缺乏國際視野', '停滯,困難,延遲'),
(101, 2, 23, '一份新工作的開始、一個創業計畫的落地或是一個創新項目的啟動，保持開放和創新的心態，積極塑造自己的職業道路', '計畫,冒險,熱情', '新機會延遲、創業困難、缺乏熱情', '拖延,迷茫,不穩'),
(102, 2, 24, '原本的目標已發展到極致開始往下一個目標前進', '目標,決策,行動', '職業選擇困難、無法規劃未來、猶豫不決', '迷茫,拖延,延遲'),
(103, 2, 25, '你可以對未來持有積極的期待，並且準備好迎接新的機遇，為未來的成功制定策略，並且積極地採取行動去實現這些目標', '合作,拓展,策略', '職業發展停滯、計劃未能實現、缺乏支持', '失敗,拖延,迷茫'),
(104, 2, 26, '職業里程碑和專案成功，你目前所處的職場環境支持著你的專業成長和專業成就', '穩定,協調,團隊', '職場不和諧、工作不穩定、難以獲得認可', '紛爭,失衡,阻礙'),
(105, 2, 27, '職場競爭和項目挑戰，不要畏懼挑戰，而是要勇敢面對，因為通過這些競爭和較量，你能夠學到更多寶貴的經驗，並為自己的職業生涯打下更堅實的基礎', '挑戰,衝突,競爭', '職場競爭激烈、內部鬥爭、缺乏團隊合作', '合作,解決,平衡'),
(106, 2, 28, '職業生涯或工作項目中取得顯著的進展，整個團隊或部門可能會因為卓越的表現而受到表揚或獲得獎勵', '成功,榮譽,勝利', '成功延遲、工作成就不被看見、職場失敗', '失敗,阻礙,停滯'),
(107, 2, 29, '這張牌提醒你需要保持清醒，為自己的目標堅持下去，同時利用你的有利條件來保護自己的成果。你站在高處，雖然挑戰不小，但你的優勢是明顯的', '堅持,競爭,防衛', '過度防禦、職場壓力過大、權力鬥爭', '退縮,妥協,放棄'),
(108, 2, 30, '充滿動力的時期，你的行動將會迅速帶來回報，突如其來的好消息', '迅速,消息,行動', '計畫受阻、職場變化過快導致混亂', '拖延,停滯,混亂'),
(109, 2, 31, '你正在努力捍衛自己的成果，或是處於一個需要高度警惕與毅力的階段，這張牌提醒你，現在不是放棄的時候，過去的努力會帶來經驗和優勢，只要再堅持一段時間，便能完成目標並獲得成就感', '堅持,防禦,警覺', '過度勞累、缺乏安全感、無法應對職場壓力', '放棄,退縮,失敗'),
(110, 2, 32, '你承擔了額外的負擔、更繁重的工作負荷或更大的責任，但你明白這只是暫時的，所以你願意現在努力工作，以實現目標並在以後獲得回報', '壓力,責任,負擔', '工作負擔過重、職場壓力導致健康問題', '解脫,輕鬆,釋放'),
(111, 2, 33, '你傾向於嘗試任何事情，你未必有一個堅固的計劃，也不真正知道你要去哪裡，但你對可能性和未知感到興奮', '探索,行動,學習', '缺乏創意、學習進展緩慢、工作不穩定', '拖延,迷茫,停滯'),
(112, 2, 34, '你願意嘗試新事物，探索未知領域。這也可能代表著你追求的目標即將實現，你將全力以赴，充分發揮你的創造力和熱情', '冒險,速度,決斷', '衝動行動、缺乏耐心、職場變動頻繁', '停滯,延誤,猶豫'),
(113, 2, 35, '鼓勵你充分發揮自己的熱情和創造力，勇敢追求自己的目標', '智慧,決策,支持', '管理能力受質疑、職場人際問題、創造力不足', '強勢,操控,自我'),
(114, 2, 36, '鼓勵你充分發揮自己的決心和活力，追求自己的目標，並展現領導力', '領導,權威,策略', '領導不力、職業方向不明確、無法掌控局勢', '霸道,固執,控制'),
(115, 2, 37, '象徵著工作帶來的內心滿足，對工作充滿熱愛和奉獻時，更有可能達成成功和實現個人價值', '感情,開始,喜悅', '對工作失去熱情、創意受阻', '阻礙,困惑,失落'),
(116, 2, 38, '鼓勵在職場中培養互助與支持的氛圍，並且強調共同目標的重要性', '合作,情感,交流', '合作夥伴不合、職場關係緊張', '誤解,矛盾,疏遠'),
(117, 2, 39, '你的努力將因團隊支持而開花結果。這是慶祝成功、團結合作或享受成果的好時機', '友誼,聚會,快樂', '職場社交問題、人際關係變差', '誤會,衝突,疏遠'),
(118, 2, 40, '你可能對當前的生活狀況感到厭倦，這張牌提醒你進行內省，探索自己的生活目標', '內省,反思,思考', '職業倦怠、對工作不滿足', '無聊,逃避,焦慮'),
(119, 2, 41, '你的計畫可能遭遇挫敗或失落，這張牌提醒你好好反思失敗並接受教訓重新尋找方向', '悔恨,失落,悲傷', '失去機會、對職場選擇後悔', '釋放,療癒,解脫'),
(120, 2, 42, '你的計畫將因過去經驗或情感支持而進展，這張牌提醒你回顧教訓、尋求慰藉或享受成果', '懷舊,回憶,快樂', '沉溺過去、害怕職場變化', '逃避,停滯,不安'),
(121, 2, 43, '不要被表面的光鮮或短期的利益所誤導，而應深入考察每個機會背後的真實含義和長遠效果', '夢想,選擇,幻想', '不切實際的職業目標、錯誤選擇', '迷惑,錯誤,猶豫'),
(122, 2, 44, '從外表看來似乎和諧無事，但你的直覺卻告訴你不是這樣。最終結果很可能是離開', '改變,前進,探索', '難以離開不適合的工作、逃避現實', '停滯,逃避,迷茫'),
(123, 2, 45, '你可能正處於一個職業高峰，感受到自己工作的成果和努力獲得了實質性的回報，這張牌提醒你欣賞並慶祝工作上的進步和成功', '願望,喜悅,成就', '職場成就感缺乏、過於自滿導致失敗', '阻礙,不滿,挫折'),
(124, 2, 46, '工作與個人生活之間良好的平衡，能夠在保持高效工作的同時，享受足夠的個人時間和休息', '和諧,家庭,幸福', '工作與家庭失衡、職場關係破裂', '失望,衝突,不安'),
(125, 2, 47, '準備好去追逐不可能的夢想，並探索你最大潛力的魔力，即使它似乎遙不可及。聖杯侍者要求你擁抱內在的孩童，相信一切皆有可能', '學習,溝通,嘗試', '工作態度不成熟、對職場無興趣', '誤解,阻礙,延遲'),
(126, 2, 48, '展示了對工作的深切承諾，以及將情感和創意融入職業生活的能力', '行動,熱情,合作', '缺乏動力、工作情緒化', '衝動,錯誤,阻礙'),
(127, 2, 49, '你的直覺與情感將帶來成功，這張牌提醒你傾聽內心、支持他人或追求創意', '照顧,支持,情感', '工作壓力導致情緒崩潰、職場人際問題', '情緒,依賴,過度'),
(128, 2, 50, '具有領導能力、凝聚團隊的角色，領導者懂得如何在緊張或衝突的情況下斡旋和調解，他們能夠從各方的角度考慮問題，並找到雙贏的解決方案', '理性,支持,智慧', '情緒不穩、領導風格過於感性', '冷漠,控制,壓力'),
(129, 2, 51, '鼓勵我們在職場上採取主動，利用智慧的溝通能力和邏輯來面對挑戰，並通過清楚明瞭的溝通來表達我們的想法和計畫', '思考,策略,開始', '錯誤決策、溝通問題', '迷茫,停滯,困惑'),
(130, 2, 52, '職業生涯中遇到的選擇和決策，寶劍二鼓勵你深入分析每個選項的長期影響，並根據自己的職業目標和個人價值做出明智的選擇', '決策,選擇,理智', '難以做出職業選擇、逃避問題', '迷惑,錯誤,不確定'),
(131, 2, 53, '鼓勵我們直面挫折和失敗，從中吸取教訓，並以此為契機進行自我反思和成長，保持專業和正直，尋找新的策略和方法', '失落,心痛,分離', '職場關係破裂、失去合作夥伴', '療癒,釋放,解脫'),
(132, 2, 54, '從日常的壓力中解脫出來，獲得必要的心靈恢復，從而更加集中和有效地追求未來的職業目標', '療癒,休息,思考', '過度工作導致倦怠、缺乏行動', '停滯,無力,焦慮'),
(133, 2, 55, '這張牌提醒我們在競爭激烈的職場環境中保持正直和道德，避免不正當的手段來達到目的', '競爭,衝突,策略', '職場爭執、權力鬥爭', '和解,妥協,合作'),
(134, 2, 56, '朝著事業目標邁進或逃離有問題的工作環境，得到更好的機會，保持冷靜和理性，不受情感或外界壓力的影響，並且能夠清晰地思考並做出明智的決策', '轉變,學習,調整', '職場變動困難、無法擺脫問題', '停滯,焦慮,阻礙'),
(135, 2, 57, '在工作中保持靈活和策略性，確保我們的行為和決策符合高標準的職業道德，避免採取欺騙或不公正的手段達到目的', '計畫,策略,謹慎', '職場欺詐、不誠實的行為', '失敗,欺騙,阻礙'),
(136, 2, 58, '面對公司管理嚴格或規矩綁手綁腳的問題，尋找創新的解決方案，你可能會發現自己的潛能和成長的可能性', '困境,限制,壓力', '職業受限、無法突破瓶頸', '釋放,解脫,自由'),
(137, 2, 59, '害怕被比下去而拼命工作，這張牌也提醒我們學會放鬆和自我照顧', '擔憂,焦慮,恐懼', '職場焦慮、過度擔憂', '平靜,釋放,解脫'),
(138, 2, 60, '在工作上的含義是關於結束和新開始，提醒我們即使面臨絕望的情況，也存在著轉化和重生的機會。這需要勇氣、自我反思和願意接受變化，從而在職業道路上開啟全新的篇章', '結束,阻礙,失敗', '事業失敗、意外終止', '重生,療癒,釋放'),
(139, 2, 61, '獲取有用資訊或情報的重要，例如需要瞭解客戶的需求、老闆或主管的喜好，知曉這些資訊會成為你的優勢，讓你在執行工作時更加順暢', '思考,分析,探索', '溝通不良、缺乏資訊', '困惑,停滯,阻礙'),
(140, 2, 62, '在工作中應用清晰的溝通和邏輯思維，以及果敢行動來達成目標和解決問題的能力', '行動,冒險,勇氣', '衝動行事、決策錯誤', '衝動,錯誤,阻礙'),
(141, 2, 63, '面對工作決策或與同事的互動時保持理性和客觀，並且勇於表達自己的觀點和想法', '判斷,分析,策略', '過度批判、職場孤立', '冷漠,批評,苛責'),
(142, 2, 64, '強調了在職場中維持倫理標準和正直的重要性，運用明智的判斷、清晰的溝通和堅定的領導來解決問題並帶領團隊達成目標', '智慧,決策,掌控', '濫用權力、決策不當', '霸道,冷漠,操控'),
(143, 2, 65, '意味著一份新工作的開始、事業的擴展或是個人創業計畫的實現', '學習,資源,實踐', '財務問題、機會錯失', '延遲,阻礙,浪費'),
(144, 2, 66, '多重任務的有效管理，你能很好的分配時間和資源，靈活應對工作中的變化和挑戰', '調整,平衡,策略', '財務管理不善、難以平衡資源', '不穩,混亂,焦慮'),
(145, 2, 67, '工作得到豐富的報償，你的工作將產生實際的成果', '努力,學習,合作', '專業能力不足、無法獲得升遷', '阻礙,衝突,延遲'),
(146, 2, 68, '提醒你保持靈活性，適當評估和把握合理的投資和擴展機會。適度的風險管理可以在確保穩定的同時，促進業務的成長和創新', '保護,穩定,資源', '過度保守、害怕投資新機會', '固執,貪婪,限制'),
(147, 2, 69, '你可能遇到棘手的挑戰、被解僱或處處受挫，但只要你堅持下去，最終會找到解決問題的方法', '困難,失落,挑戰', '經濟困難、失業', '支持,改善,復原'),
(148, 2, 70, '你可能會接受他人慷慨的幫助，並帶著感激之情接受這些禮物。這將有助於你重新站起來', '合作,互助,平衡', '財務不穩、人際關係影響事業', '自私,不公平,阻礙'),
(149, 2, 71, '鼓勵你採取長期視角，評估在哪裡可以最大程度地投入時間和精力以獲得最大的產出，要有耐心', '策略,觀察,耐心', '職場發展緩慢、收穫不如預期', '懈怠,延遲,挫折'),
(150, 2, 72, '象徵金錢收入將會增加，不過這是因為先前所作的努力或選擇的道路所致，而非來自意外之財或他人所贈。需要藉由理性分析與勤奮工作來完成你的計劃', '努力,學習,專注', '缺乏專業成長、技能不足', '疏忽,怠惰,停滯'),
(151, 2, 73, '你努力工作，為自己的生活創造了豐盛，終於可以享受你勞動的果實了', '成果,享受,自立', '過度依賴財務、失去事業熱情', '浪費,孤立,自滿'),
(152, 2, 74, '職業生涯已經達到一個穩定和滿足的階段，你的努力和成就不僅提升了你自己的職業生涯，也為團隊和組織帶來了長期的利益和穩定性', '家庭,財富,穩定', '財務風險、家族事業問題', '損失,壓力,困境'),
(153, 2, 75, '鼓勵勤奮工作，學習新技能，並保持對長期目標的專注和耐心。不僅僅是日復一日地工作，而是有目的性地工作，對自己的職業生涯有一個清晰的規劃和展望', '探索,學習,資源', '缺乏學習精神、機會未成熟、努力方向錯誤', '錯失,延遲,不成熟'),
(154, 2, 76, '這張塔羅牌的出現顯示出你會得到一筆錢財，可能是加薪、分紅或是行銷獎金，但是可能需要更努力工作才能有所回報', '努力,穩定,策略', '停滯不前、工作單調、過度保守導致發展受限', '遲緩,拖延,固執'),
(155, 2, 77, '建議從事為大眾群體造福的工作，在家庭和工作之間取得良好的平衡', '管理,富足,照顧', '財務管理問題、過於關心他人而忽略自身事業', '依賴,浪費,過度保護'),
(156, 2, 78, '可以從事任何跟數字有關的行業，你的財富將持續增長。你不再為實現自己的願望而努力奮鬥，也不需要再證明自己', '領導,理財,管理', '貪婪、財務操控、固守傳統導致事業發展受阻', '固執,浪費,貪婪'),
(157, 4, 1, '這可能是一段自由的時光，可以允許自己暫時沒有目標與方向，被動的回應迎面而來的事情。', '轉機,好運,冒險', '你可能擔心會做了錯誤的決策，不敢邁開步伐做想做的事、畏首畏尾擔心失敗。', '不穩定,延遲,困惑'),
(158, 4, 2, '即將展現出魅力以及良好的溝通能力，請保持自信與樂觀的心情', '掌控,能量,啟動', '要多注意溝通上的問題，想要展現自己的魅力可能會受到阻礙。', '錯失,拖延,失控'),
(159, 4, 3, '你站在中間的立場默默觀察身邊事物的運作，也許你有自己的想法，但不會輕易表達。', '智慧,啟示,潛意識', '有些事情已經快忍不住了，或是出乎意料地會展現出情緒。', '誤導,困惑,不安'),
(160, 4, 4, '近期的狀態很不錯，有能力為他人付出，或是將會遇到一個喜歡分享果實的人。', '成長,豐收,機會', '\"可能會出現某些狀況讓你手忙腳亂，或是失去了原本該有的一些資源。\r\n\r\n\"', '停滯,懷疑,不安全'),
(161, 4, 5, '最近的氣勢很強，很適合做一些重大的決定，或是在自己擅長的領域攻城掠地', '秩序,控制,成就', '\"不要意氣用事，好好跟身邊的人溝通，也許他們早就看你不順眼很久了。\r\n\r\n\"', '僵化,失控,拖延'),
(162, 4, 6, '你可能需要學會臣服在別人的領導，或是你必須遵循過去的體制來作為行為參考。', '信念,學習,啟發', '體制被破壞，規則可能暫時失效，需要找到或重新建立新秩序。', '困惑,偏見,誤導'),
(163, 4, 7, '運勢中出現戀人牌總是令人感到愉悅，可能代表將出現新奇的事物來到你的生命中', '和諧,吸引,選擇', '戀人逆位表示將有事物帶給你不愉快的感覺，或者本來令人愉悅的事物失去了它的吸引力。', '不穩,迷惑,猶豫'),
(164, 4, 8, '你內心有追求、有渴望，但不會立即的表現出來，你可能傾向於默默地去實現它。', '成功,努力,動力', '可能正嘗試著釋放心中的情感，藉此找到情緒宣洩的出口。', '阻礙,不穩,停滯'),
(165, 4, 9, '可能會出現一個讓你全力以赴的機會，可以盡情的展現你的能力。', '勇氣,克服,能量', '面對困難和挑戰，你可能會變得有點退縮，人難免會有失去自信的時刻，休息一下再繼續吧。', '不穩,挫折,恐懼'),
(166, 4, 10, '可能會經歷一段沈潛的時間去尋找自己的理想，也許會讓你覺得別人跟自己有距離感。', '啟示,觀察,洞察', '莫名的孤獨感上身，你可能會嘗試各種手段來讓自己好過一點。', '孤獨,迷失,猶豫'),
(167, 4, 11, '時勢正在推著你往前走，不要害怕會失敗，順著流走就會有不錯的成績。\r\n', '好運,循環,調整', '當時勢沒有站在自己這邊的時候，沈潛學習一段時間也是聰明的選擇。', '不穩,逆轉,困惑'),
(168, 4, 12, '如果正面對合約或法律的困擾，正義代表將能夠得到公平的對待，或是代表你正在評估某件事物的可能性。', '秩序,判斷,平衡', '請務必要多留心各種合約或法律的問題，或者代表受到不公平的對待。', '誤導,混亂,不穩'),
(169, 4, 13, '當運勢抽到死神時，可能會有一段痛苦的時間，因為過去有很多沈重的包袱，只有拋下才能讓自己重生', '轉變,觀察,等待', '不願意接受死神的安排，試圖用各種方法扭轉命運，從中找到成功的可能性', '逃避,停滯,不穩'),
(170, 4, 14, '你可能正在試著讓自己更融入環境，或是你內心中有兩股力量在拉扯，需要一點時間來完成自我整合，也有可能你近期有出國學習或旅行的機會。', '轉機,結束,循環', '也許你覺得跟某人或某事有理念上的不和，或有一些事情無法說服自己的內心，這些都需時間來消化跟整合。', '阻礙,不穩,困惑'),
(171, 4, 15, '內心的慾望得以滿足，可以貪婪但要小心不要深陷其中、無法自拔而造成副作用', '順勢,平衡,穩定', '可能會對於慾望有一點麻木，也許你會用更多的慾望來掩蓋這種麻木，或是選擇嘗試去找到真正的精神堡壘。', '不穩,極端,挫折'),
(172, 4, 16, '突如其來的狀況讓你措手不及，應該盡量低調或保守', '依賴,誘惑,陷阱', '可能會發生某些不愉快的事，最後有驚無險的度過。', '脫困,自律,清醒'),
(173, 4, 17, '可能會有一項新的規畫或是出國旅行的機會。如果你正經歷一次重大的打擊，你即將迎來重新站起來的契機。', '危機,轉變,衝擊', '對於未來不敢有太多的期望，或是還在為過去的失敗而難過。', '緩解,穩定,避免'),
(174, 4, 18, '對於前途有一些不安跟迷惘，很多事情只能摸索著前進，甚至原地踏步。', '希望,療癒,靈感', '終於可以嘗試走出困惑與恐懼，也試著去面對自己不安的情緒。', '迷茫,失望,挫折'),
(175, 4, 19, '最近的運勢相當不錯，保持樂觀開朗會一直為你帶來好運。', '迷惑,幻想,直覺', '心情可能不佳，會出現一些狀況讓人感到鬱悶，或是覺得常常遇到阻礙。', '明晰,覺察,洞察'),
(176, 4, 20, '可能正面臨一個重要的關口，需要做出影響未來的決定。', '幸福,光明,成長', '面對挑戰你似乎有一些準備不足，某部分那種不足的感覺是心理層面的，可能自認為能力不足或是不願意面對挑戰。', '阻礙,迷茫,失落'),
(177, 4, 21, '目前的狀況不太會有什麼變動，如果有接近完成的任務，將會順利的完成。', '重生,審視,覺醒', '有些事情不是結束的那麼完美圓滿，可能會有一些小小的遺憾。', '停滯,迷茫,逃避'),
(178, 4, 22, '可能會有一個新鮮的事物讓你燃起熱情的動力，好好享受這股熱情吧', '圓滿,成功,和諧', '近期想做的事情可能會受到阻礙，因此難以成行。', '阻礙,未完成,挫折'),
(179, 4, 23, '有些事情正等待著你的決定，當你思考好了就應該努力行動去達成目標。', '動力,開始,機會', '你可能對未來的方向有點迷惘，正在十字路口不知道該如何決定', '延遲,失敗,阻礙'),
(180, 4, 24, '即將有一個前進的機會，可能是出差、旅行、感情的進展、或職位的晉升。', '策略,抉擇,方向', '原本將執行的計畫可能會被取消，或是遇到阻礙而不得不變更。', '不確定,困惑,停滯'),
(181, 4, 25, '近期難得的會有一種穩定下來的感覺，好好享受這種安穩，大家都會為你而高興。', '前進,機會,成長', '期待中的穩定出現了變數，可能會有短暫的不安定感，或需要重新穩固原有的基礎。', '阻礙,停滯,挫折'),
(182, 4, 26, '可能會與某人產生衝突，或者因為某事而發生一時的混亂情況。', '安定,慶祝,成果', '內在的混亂傷害不亞於外在的混亂，也許可以試著尋求協助，而不要自己一個人面對。', '爭執,延遲,困擾'),
(183, 4, 27, '可能會因為做對了某件事而受到大家的讚賞，讓你感到無比自信。', '爭執,競爭,考驗', '原本預期會得到好消息卻意外落馬，好事被破壞讓你有挫敗感。', '和解,妥協,平穩'),
(184, 4, 28, '近期會有很多挑戰，不要自亂陣腳，只要站穩腳步就能夠把事情圓滿解決', '成就,認可,前進', '最近紛亂的情況處理起來有心無力，可能有放棄的徵兆。', '延遲,阻礙,失落'),
(185, 4, 29, '即將經歷一段快節奏的時間，所有的事情會以超乎預期的進度達成，或是期待已久的旅行即將出發。', '挑戰,防禦,努力', '原本的節奏被打亂，安排好的事情出現阻礙或延遲。', '挫折,放棄,停滯'),
(186, 4, 30, '你最近精神跟體力上都有點疲憊，即便如此你也不願意輕言放棄。', '前進,變化,速度', '別讓某件事或某個人成為壓垮你的最後一根稻草，如果太勉強了就試著休息一下。', '阻礙,延遲,失敗'),
(187, 4, 31, '會有一段非常忙碌的時間，記得給自己一些喘息的機會，別被壓力給壓垮了。', '努力,守護,防衛', '沈重的壓力快要將你壓垮了，如果承受不住那就休息一下吧。', '疲憊,挫折,退縮'),
(188, 4, 32, '您可能會感到很有活力，有很多創意和想法。現在是實現夢想的好時機，所以不要害怕冒險或嘗試新事物。一般來說，這意味著卡的情況可能涉及的工作或愛情一個新的開始。', '負擔,壓力,挑戰', '逆位的權杖侍者意味著你可能過於衝動或缺乏方向，導致靈感受阻或訊息延誤。這張牌建議你調整節奏，並以耐心重新聚焦', '釋放,解脫,輕鬆'),
(189, 4, 33, '目前可能會有一些變化，但是請保持冷靜，因為情況仍然不穩定。你可能有機會在國內旅行還是出國。您會感到非常活躍，不想呆著，而是去旅行或改變自己的習慣。', '好奇,冒險,消息', '逆位的權杖騎士意味著你可能過於衝動或失去方向，導致行動受阻或計畫失控。這張牌建議你調整節奏，並以耐心重新聚焦', '停滯,延遲,猶豫'),
(190, 4, 34, '您將非常熱衷於學習新知識。此外，您的精力充沛和活力十足，也會使周圍的人保持警覺。您將有機會展示自己的工作能力並解決眼前的意外問題。', '行動,熱情,冒險', '逆位的權杖皇后意味著你可能過於支配或失去自信，導致能量失衡或影響力減弱。這張牌建議你調整態度，並以平衡重拾力量', '衝動,停滯,延遲'),
(191, 4, 35, '您將擁有包括創造力在內的新想法，這些想法將驅使您更加努力地工作。您將有機會展示自己在工作中的潛力，並傾向於得到周圍人的認可', '領導,穩定,明智', '逆位的權杖國王意味著你可能過於霸道或失去遠見，導致權威受損或能量失衡。這張牌建議你調整態度，並以靈活重拾影響力', '固執,專橫,壓力'),
(192, 4, 1, '新的財務機會、投資新項目、財務冒險帶來好結果', '轉機,好運,冒險', '衝動消費、理財不當、財務不穩定', '不穩定,延遲,困惑'),
(193, 4, 2, '善用資源創造財富、理財能力強、精明投資', '掌控,能量,啟動', '錯失商機、投資詐騙、誇大財務能力', '錯失,拖延,失控'),
(194, 4, 3, '隱藏的財務機會、投資需依靠直覺、保守理財', '智慧,啟示,潛意識', '缺乏財務透明度、對財務狀況感到困惑', '誤導,困惑,不安'),
(195, 4, 4, '財務豐收、良好投資、穩定的現金流', '成長,豐收,機會', '過度揮霍、理財失衡、財務不穩定', '停滯,懷疑,不安全'),
(196, 4, 5, '財務穩定、長期投資成功、金錢管理得當', '秩序,控制,成就', '過度保守錯失財務機會、固執理財', '僵化,失控,拖延'),
(197, 4, 6, '遵循傳統投資方式、財務受保護、信任專業建議', '信念,學習,啟發', '過於依賴權威導致財務損失、被騙', '困惑,偏見,誤導'),
(198, 4, 7, '財務合作成功、合夥事業獲利、理財決策明確', '和諧,吸引,選擇', '財務糾紛、錯誤投資選擇、財務上受情感影響', '不穩,迷惑,猶豫'),
(199, 4, 8, '財務增長快速、投資獲利、果斷財務決策', '成功,努力,動力', '過度衝動導致財務危機、投資失敗', '阻礙,不穩,停滯'),
(200, 4, 9, '良好的財務控制、理財自律、收入穩定', '勇氣,克服,能量', '無法克制消費、缺乏理財規劃、財務焦慮', '不穩,挫折,恐懼'),
(201, 4, 10, '謹慎理財、審慎投資、財務計劃周全', '啟示,觀察,洞察', '財務停滯不前、財務選擇過於保守', '孤獨,迷失,猶豫'),
(202, 4, 11, '財運提升、投資機會、意外之財', '好運,循環,調整', '財務不穩定、破財、運氣不佳', '不穩,逆轉,困惑'),
(203, 4, 12, '財務誠實、公平交易、信用良好', '秩序,判斷,平衡', '財務糾紛、法律問題、投資失敗', '誤導,混亂,不穩'),
(204, 4, 13, '需要重新評估財務狀況、等待財務成果', '轉變,觀察,等待', '財務停滯、錯誤投資導致損失', '逃避,停滯,不穩'),
(205, 4, 14, '財務重整、終結不良投資、財務轉型', '轉機,結束,循環', '無法適應財務變化、經濟困難', '阻礙,不穩,困惑'),
(206, 4, 15, '財務平衡、穩健投資、合理分配資源', '順勢,平衡,穩定', '財務失控、預算超支、資金流失', '不穩,極端,挫折'),
(207, 4, 16, '高收入但金錢依賴性強、財務機會有風險', '依賴,誘惑,陷阱', '財務負擔、債務纏身、揮霍無度', '脫困,自律,清醒'),
(208, 4, 17, '財務崩潰、突發財務危機、破產', '危機,轉變,衝擊', '財務損失更大、財務問題未解決', '緩解,穩定,避免'),
(209, 4, 18, '財務希望、長期投資成功、財務計劃穩定', '希望,療癒,靈感', '財務計劃過於理想化、財務收益延遲', '迷茫,失望,挫折'),
(210, 4, 19, '財務不確定性、收入波動、謹慎投資', '迷惑,幻想,直覺', '財務詐騙、錯誤判斷導致財務損失', '明晰,覺察,洞察'),
(211, 4, 20, '財富累積、財運亨通、投資成功', '幸福,光明,成長', '投資過於樂觀、收入不如預期', '阻礙,迷茫,失落'),
(212, 4, 21, '財務回報、債務清償、財務改善', '重生,審視,覺醒', '財務問題未解決、稅務或法律問題', '停滯,迷茫,逃避'),
(213, 4, 22, '財務成功、全球化收入、長期財務穩定', '圓滿,成功,和諧', '事業發展受限、財務停滯', '阻礙,未完成,挫折'),
(214, 4, 23, '新的財務機會與創業的啟動', '動力,開始,機會', '財務計劃未實現，錯失機會', '延遲,失敗,阻礙'),
(215, 4, 24, '計劃中的財務規劃，穩定收入', '策略,抉擇,方向', '延遲決策，錯過時機', '不確定,困惑,停滯'),
(216, 4, 25, '財務增長、擴大事業', '前進,機會,成長', '計劃停滯，收入受阻', '阻礙,停滯,挫折'),
(217, 4, 26, '財務穩定，家庭事業順利', '安定,慶祝,成果', '財務不穩定，無法穩定支', '爭執,延遲,困擾'),
(218, 4, 27, '財務競爭，努力爭取', '爭執,競爭,考驗', '財務爭執，衝突與挑戰', '和解,妥協,平穩'),
(219, 4, 28, '財務成功，得到認可', '成就,認可,前進', '財務成功未被重視，失敗', '延遲,阻礙,失落'),
(220, 4, 29, '保護財務資產，謹慎行動', '挑戰,防禦,努力', '財務困難，過多負擔', '挫折,放棄,停滯'),
(221, 4, 30, '快速財務增長，進度快', '前進,變化,速度', '財務計劃混亂，過度支出', '阻礙,延遲,失敗'),
(222, 4, 31, '堅守財務目標，持續努力', '努力,守護,防衛', '財務疲勞，面臨多重挑戰', '疲憊,挫折,退縮'),
(223, 4, 32, '財務壓力大，責任重', '負擔,壓力,挑戰', '財務過度負擔，無法應對', '釋放,解脫,輕鬆'),
(224, 4, 33, '財務冒險的開始、機會與創', '好奇,冒險,消息', '財務上缺乏方向，無法進行計', '停滯,延遲,猶豫'),
(225, 4, 34, '行動力強，積極追求財務目標', '行動,熱情,冒險', '衝動行事，急於獲得財務成功', '衝動,停滯,延遲'),
(226, 4, 35, '充滿創意與熱情，財務運營順利', '領導,穩定,明智', '財務投入過多，過度花費', '固執,專橫,壓力'),
(227, 4, 36, '實現長期財務穩定，積極管理資源', '決策,智慧,權威', '財務管理失誤，缺乏遠見', '專橫,壓力,固執'),
(228, 4, 37, '新財務機會、豐厚收入', '新機會,喜悅,愛', '錯失機會，財務停滯', '延遲,迷茫,挫折'),
(229, 4, 38, '合夥合作，穩定財務收入', '愛情,伙伴,協調', '合作失敗，財務糾紛', '冷淡,分離,衝突'),
(230, 4, 39, '財務的成長，社交帶來的收益', '慶祝,快樂,合作', '財務過度花費，過多娛樂', '孤立,分離,挫折'),
(231, 4, 40, '應該把握財務機會', '沉思,平靜,自我', '拒絕新機會，錯失收入', '焦慮,無趣,困惑'),
(232, 4, 41, '財務損失、錯過機會', '悲傷,遺憾,失落', '無法擺脫財務損失，過於悲觀', '放下,釋放,療癒'),
(233, 4, 42, '回顧過去的財務成功，舊金援', '回憶,童年,幸福', '停滯不前，過去的成功無法再現', '猶豫,停滯,逃避'),
(234, 4, 43, '許多選擇，財務上需要決定', '幻想,希望,多選', '投資不現實，計劃過於理想', '迷茫,困惑,錯誤'),
(235, 4, 44, '拋開過去，尋求新的財務機會', '離開,改變,新方向', '拒絕變革，財務停滯', '迷茫,停滯,猶豫'),
(236, 4, 45, '財務夢想實現，心滿意足', '滿足,幸福,成就', '財務過於理想化，未達期望', '不滿,延遲,困擾'),
(237, 4, 46, '財務的圓滿與安定，物質與情感的豐盈', '滿足,幸福,家庭', '過度依賴過去的成功，未能突破', '不和,分離,衝突'),
(238, 4, 47, '新的財務機會、啟發', '新機會,探索,快樂', '財務探索缺乏方向，過度衝動', '困惑,停滯,迷茫'),
(239, 4, 48, '追求財務的冒險，熱情投入', '探索,前進,熱情', '衝動投資，缺乏計劃與準備', '迷惑,停滯,挫折'),
(240, 4, 49, '財務的穩定與和諧，與他人合作順利', '愛心,同情,包容', '財務過於依賴他人，缺乏自主性', '過度敏感,情緒化,依賴'),
(241, 4, 50, '財務智慧，成熟與有遠見的投資決策', '情感穩定,智慧,領導', '財務情感主導，投資過於情緒化', '操控,冷淡,霸道'),
(242, 4, 51, '冷靜計劃，明確財務目標', '智慧,判斷,創意', '冲動決策，無視風險', '錯誤,延遲,迷惑'),
(243, 4, 52, '財務抉擇，需要謹慎決定', '平衡,選擇,智慧', '財務不確定，處於抉擇困難', '停滯,困惑,迷茫'),
(244, 4, 53, '財務的痛苦，損失的回憶', '悲傷,痛苦,失望', '財務衝突，悲觀與絕望', '重生,釋放,解脫'),
(245, 4, 54, '需要休息，重新整理財務計劃', '放鬆,平靜,休息', '財務無法休息，疲憊不堪', '焦慮,停滯,困惑'),
(246, 4, 55, '財務的爭鬥與競爭', '爭執,失敗,挑戰', '財務爭執無法解決，錯失機會', '妥協,和解,反思'),
(247, 4, 56, '過渡期，財務改善', '移動,過渡,前進', '逃避現實，財務問題積壓', '停滯,迷茫,困惑'),
(248, 4, 57, '財務謀略、奪取機會', '謹慎,策略,計畫', '欺騙與詐騙，財務不誠實', '阻礙,失敗,欺騙'),
(249, 4, 58, '財務受限，無法行動', '阻礙,限制,困難', '鎖住的財務，無法擺脫', '解脫,自由,突破'),
(250, 4, 59, '財務焦慮，擔憂失敗', '焦慮,困擾,失眠', '極端焦慮，財務困境', '解脫,平靜,釋放'),
(251, 4, 60, '財務的結束或崩潰', '痛苦,結束,挑戰', '財務崩潰，最壞的結果', '療癒,釋放,重生'),
(252, 4, 61, '追求新的財務知識，積極學習', '新訊息,策略,計畫', '財務上的不穩定，計劃未能執行', '迷茫,困惑,延遲'),
(253, 4, 62, '積極的財務行動，迎接挑戰', '前進,挑戰,決策', '衝動決策，財務計劃草率', '迷惑,停滯,挫折'),
(254, 4, 63, '精明的財務計劃，理性決策', '智慧,理智,洞察', '財務冷漠，缺乏情感上的投資', '苛刻,冷淡,批判'),
(255, 4, 64, '財務上的智慧與深思熟慮，能控制風險', '理性,策略,領導', '財務缺乏遠見，做出錯誤判斷', '冷漠,操控,霸道'),
(256, 4, 65, '財務機會，穩定增長的開始', '財務,開始,新機會', '財務機會被忽視，計劃未啟動', '停滯,浪費,困難'),
(257, 4, 66, '財務選擇平衡，管理資源', '平衡,調整,管理', '財務不穩定，選擇過多而迷茫', '混亂,停滯,焦慮'),
(258, 4, 67, '財務合作，成功的職業發展', '技能,成長,合作', '團隊合作問題，財務上的挑戰', '停滯,錯失,衝突'),
(259, 4, 68, '積蓄與保護財務資產，穩定', '安全,穩定,管理', '財務過度保守，未能擴大投資', '限制,貪婪,固執'),
(260, 4, 69, '財務困境，物質的缺乏或財務困難', '貧困,挑戰,困難', '財務上的損失或過度的財務困難', '復原,改善,釋放'),
(261, 4, 70, '財務穩定，能夠給予與接受', '資源,分享,平衡', '財務過度依賴他人，缺乏自主性', '不均,貪婪,失衡'),
(262, 4, 71, '長期的財務投資，耐心等待回報', '努力,觀察,回報', '財務上的等待與延遲，回報不如預期', '停滯,失敗,延遲'),
(263, 4, 72, '堅持工作與學習，積累財富與經驗', '技能,專注,成長', '財務上的不穩定，工作或計劃進展緩慢', '散漫,停滯,疏忽'),
(264, 4, 73, '財務獨立，物質和精神上的富足', '獨立,財務,成就', '財務過於注重物質，忽略精神與情感需求', '自滿,失衡,浪費'),
(265, 4, 74, '財務成功，家庭財富穩定，世代傳承', '成功,穩定,財務', '財務關係破裂，資產流失，家庭財務不穩', '困境,損失,不穩'),
(266, 4, 75, '新的財務計劃或機會，學習與成長', '新開始,技能,學習', '財務計劃缺乏實際性，過於天真', '停滯,延遲,錯失'),
(267, 4, 76, '穩定的財務增長，務實的工作與計劃', '穩定,實踐,踏實', '財務進展緩慢，缺乏創新', '停滯,延遲,阻礙'),
(268, 4, 77, '財務穩定與和諧，理性處理財務問題', '穩定,照顧,富足', '過度關注物質，財務過於保守', '浪費,依賴,過度保護'),
(269, 4, 78, '財務成功，穩定的資產管理與策略', '財務,掌控,穩定', '財務過於保守，過度關注物質，缺乏靈活性', '浪費,貪婪,固執'),
(270, 3, 1, '這可能是一段自由的時光，可以允許自己暫時沒有目標與方向，被動的回應迎面而來的事情。', '投資,冒險,新開始', '你可能擔心會做了錯誤的決策，不敢邁開步伐做想做的事、畏首畏尾擔心失敗。', '衝動,損失,猶豫'),
(271, 3, 2, '即將展現出魅力以及良好的溝通能力，請保持自信與樂觀的心情。', '計劃,資源,行動', '要多注意溝通上的問題，想要展現自己的魅力可能會受到阻礙。', '操縱,冒險失敗,不穩'),
(272, 3, 3, '你站在中間的立場默默觀察身邊事物的運作，也許你有自己的想法，但不會輕易表達。', '分析,直覺,策略', '有些事情已經快忍不住了，或是出乎意料地會展現出情緒。', '被動,拖延,迷茫'),
(273, 3, 4, '近期的狀態很不錯，有能力為他人付出，或是將會遇到一個喜歡分享果實的人。', '財務穩定,投資,回報', '可能會出現某些狀況讓你手忙腳亂，或是失去了原本該有的一些資源。', '浪費,失敗,停滯'),
(274, 3, 5, '最近的氣勢很強，很適合做一些重大的決定，或是在自己擅長的領域攻城掠地。', '財務規劃,控制,穩定', '不要意氣用事，好好跟身邊的人溝通，也許他們早就看你不順眼很久了。', '冒險,固執,損失'),
(275, 3, 6, '你可能需要學會臣服在別人的領導，或是你必須遵循過去的體制來作為行為參考。', '指導,規範,策略', '體制被破壞，規則可能暫時失效，需要找到或重新建立新秩序。', '僵化,不合規,失敗'),
(276, 3, 7, '運勢中出現戀人牌總是令人感到愉悅，可能代表將出現新奇的事物來到你的生命中。', '合作,合約,夥伴', '戀人逆位表示將有事物帶給你不愉快的感覺，或者本來令人愉悅的事物失去了它的吸引力。', '分裂,誤解,損失'),
(277, 3, 8, '你內心有追求、有渴望，但不會立即的表現出來，你可能傾向於默默地去實現它。', '計畫,掌控,突破', '可能正嘗試著釋放心中的情感，藉此找到情緒宣洩的出口。', '失敗,分心,衝突'),
(278, 3, 9, '可能會出現一個讓你全力以赴的機會，可以盡情的展現你的能力。', '掌握,耐心,決心', '面對困難和挑戰，你可能會變得有點退縮，人難免會有失去自信的時刻，休息一下再繼續吧。', '失控,拖延,焦慮'),
(279, 3, 10, '可能會經歷一段沈潛的時間去尋找自己的理想，也許會讓你覺得別人跟自己有距離感。', '規劃,專注,分析', '莫名的孤獨感上身，你可能會嘗試各種手段來讓自己好過一點。', '分心,拖延,困惑'),
(280, 3, 11, '時勢正在推著你往前走，不要害怕會失敗，順著流走就會有不錯的成績。', '投資,風險,契機', '當時勢沒有站在自己這邊的時候，沈潛學習一段時間也是聰明的選擇。', '損失,延遲,不穩'),
(281, 3, 12, '如果正面對合約或法律的困擾，正義代表將能夠得到公平的對待，或是代表你正在評估某件事物的可能性。', '公正,合約,計畫', '請務必要多留心各種合約或法律的問題，或者代表受到不公平的對待。', '不公平,失敗,損失'),
(282, 3, 13, '需要耐心的等待美好的事情發生，一切不會來得太過容易。', '策略,延遲,調整', '也許無條件的付出並不是最好的策略，試著把自己抽離出來才能看得更清楚。', '猶豫,拖延,迷失'),
(283, 3, 14, '當運勢抽到死神時，可能會有一段痛苦的時間，因為過去有很多沈重的包袱，只有拋下才能讓自己重生。', '投資轉變,重組,新機會', '不願意接受死神的安排，試圖用各種方法扭轉命運，從中找到成功的可能性。', '延遲,損失,不穩'),
(284, 3, 15, '你可能正在試著讓自己更融入環境，或是你內心中有兩股力量在拉扯，需要一點時間來完成自我整合，也有可能你近期有出國學習或旅行的機會。', '財務控制,協調,節制', '也許你覺得跟某人或某事有理念上的不和，或有一些事情無法說服自己的內心，這些都需時間來消化跟整合。', '過度,失衡,損失'),
(285, 3, 16, '內心的慾望得以滿足，可以貪婪但要小心不要深陷其中、無法自拔而造成副作用。', '誘惑,投資風險,束縛', '可能會對於慾望有一點麻木，也許你會用更多的慾望來掩蓋這種麻木，或是選擇嘗試去找到真正的精神堡壘。', '自由,規避,反思'),
(286, 3, 17, '突如其來的狀況讓你措手不及，應該盡量低調或保守。', '意外事件,調整,重組', '可能會發生某些不愉快的事，最後有驚無險的度過。', '停滯,延遲,保守'),
(287, 3, 18, '可能會有一項新的規畫或是出國旅行的機會。如果你正經歷一次重大的打擊，你即將迎來重新站起來的契機。', '計畫,啟發,夢想', '對於未來不敢有太多的期望，或是還在為過去的失敗而難過。', '猶豫,停滯,迷惑'),
(288, 3, 19, '對於前途有一些不安跟迷惘，很多事情只能摸索著前進，甚至原地踏步。', '計畫,不確定,直覺', '終於可以嘗試走出困惑與恐懼，也試著去面對自己不安的情緒。', '明朗,清楚,穩定'),
(289, 3, 20, '最近的運勢相當不錯，保持樂觀開朗會一直為你帶來好運。', '投資成功,順利,喜悅', '心情可能不佳，會出現一些狀況讓人感到鬱悶，或是覺得常常遇到阻礙。', '失敗,挫折,延遲'),
(290, 3, 21, '可能正面臨一個重要的關口，需要做出影響未來的決定。', '評估,決策,轉機', '面對挑戰你似乎有一些準備不足，某部分那種不足的感覺是心理層面的，可能自認為能力不足或是不願意面對挑戰。', '拖延,迷惑,失敗'),
(291, 3, 22, '目前的狀況不太會有什麼變動，如果有接近完成的任務，將會順利的完成。', '收穫,成果,順利', '有些事情不是結束的那麼完美圓滿，可能會有一些小小的遺憾。', '延遲,失敗,困難'),
(292, 3, 23, '可能會有一個新鮮的事物讓你燃起熱情的動力，好好享受這股熱情吧', '創新,行動,突破', '近期想做的事情可能會受到阻礙，因此難以成行。', '猶豫,停滯,迷失'),
(293, 3, 24, '有些事情正等待著你的決定，當你思考好了就應該努力行動去達成目標。', '計畫,合作,行動', '你可能對未來的方向有點迷惘，正在十字路口不知道該如何決定。', '猶豫,停滯,迷茫'),
(294, 3, 25, '即將有一個前進的機會，可能是出差、旅行、感情的進展、或職位的晉升。', '拓展,計畫,決策', '原本將執行的計畫可能會被取消，或是遇到阻礙而不得不變更。', '拖延,困惑,阻礙'),
(295, 3, 26, '近期難得的會有一種穩定下來的感覺，好好享受這種安穩，大家都會為你而高興。', '合作,順利,規劃', '期待中的穩定出現了變數，可能會有短暫的不安定感，或需要重新穩固原有的基礎。', '混亂,停滯,衝突'),
(296, 3, 27, '可能會與某人產生衝突，或者因為某事而發生一時的混亂情況。', '挑戰,競爭,對抗', '內在的混亂傷害不亞於外在的混亂，也許可以試著尋求協助，而不要自己一個人面對。', '妥協,協調,合作'),
(297, 3, 28, '可能會因為做對了某件事而受到大家的讚賞，讓你感到無比自信。', '順利,勝利,成就', '原本預期會得到好消息卻意外落馬，好事被破壞讓你有挫敗感。', '停滯,挫折,失敗'),
(298, 3, 29, '近期會有很多挑戰，不要自亂陣腳，只要站穩腳步就能夠把事情圓滿解決。', '堅定,挑戰,保護', '最近紛亂的情況處理起來有心無力，可能有放棄的徵兆。', '退縮,失敗,妥協'),
(299, 3, 30, '即將經歷一段快節奏的時間，所有的事情會以超乎預期的進度達成，或是期待已久的旅行即將出發。', '迅速,發展,順利', '原本的節奏被打亂，安排好的事情出現阻礙或延遲。', '停滯,拖延,挫折'),
(300, 3, 31, '你最近精神跟體力上都有點疲憊，即便如此你也不願意輕言放棄。', '堅定,防禦,警戒', '別讓某件事或某個人成為壓垮你的最後一根稻草，如果太勉強了就試著休息一下。', '放棄,疲倦,退縮'),
(301, 3, 32, '會有一段非常忙碌的時間，記得給自己一些喘息的機會，別被壓力給壓垮了。', '責任,挑戰,壓力', '沈重的壓力快要將你壓垮了，如果承受不住那就休息一下吧。', '減輕,自由,解放'),
(302, 3, 33, '您可能會感到很有活力，有很多創意和想法。現在是實現夢想的好時機，所以不要害怕冒險或嘗試新事物。', '新機會,冒險,學習', '逆位的權杖侍者意味著你可能過於衝動或缺乏方向，導致靈感受阻或訊息延誤。這張牌建議你調整節奏，並以耐心重新聚焦。', '迷茫,猶豫,拖延'),
(303, 3, 34, '目前可能會有一些變化，但是請保持冷靜，因為情況仍然不穩定。你可能有機會在國內旅行還是出國。', '快速,決斷,行動', '逆位的權杖騎士意味著你可能過於衝動或失去方向，導致行動受阻或計畫失控。這張牌建議你調整節奏，並以耐心重新聚焦。', '延誤,猶豫,停滯'),
(304, 3, 35, '您將非常熱衷於學習新知識。此外，您的精力充沛和活力十足，也會使周圍的人保持警覺。', '智慧,守護,穩定', '逆位的權杖皇后意味著你可能過於支配或失去自信，導致能量失衡或影響力減弱。這張牌建議你調整態度，並以平衡重拾力量。', '控制,專橫,自我'),
(305, 3, 36, '您將擁有包括創造力在內的新想法，這些想法將驅使您更加努力地工作。', '責任,領導,策略', '逆位的權杖國王意味著你可能過於霸道或失去遠見，導致權威受損或能量失衡。這張牌建議你調整態度，並以靈活重拾影響力。', '操控,霸道,固執'),
(306, 3, 37, '將會有一段新的人或新的感情進入到你的生活之中，或是你對於生活產生了新的體悟跟感想，重新對生命產生熱愛。', '情感,幸福,開始', '不要太過於封閉自己的情感，不願意接受別人的幫助，甚至關閉自己的心。', '阻礙,困惑,失落'),
(307, 3, 38, '可以跟身邊的人保持友善良好的關係、相處融洽，度過一段美好的時光。', '協作,情感,互動', '也許近期會跟某人處得不愉快，或是感受到一些不友善的對待。', '誤解,隔閡,分離'),
(308, 3, 39, '近期團體中的氣氛不錯，或是可能有一些聚會的機會。', '喜悅,友情,團結', '需要多注意團體中的氛圍，盡量避免與他人吵架、起衝突。', '衝突,疏離,失望'),
(309, 3, 40, '你應該重新重視起你對於感情的需求，而不是日復一日的過重複的生活。', '反思,內省,平靜', '你想做點什麼特別的事情來解決心中的煩悶，也許是重新思考方向的機會。', '不滿,焦躁,無聊'),
(310, 3, 41, '聖杯五代表目前正在經歷失落的時刻，有些預期的卻失去或沒有得到，引起難過的情緒。', '失落,悔恨,挫折', '可能還會有一小段時間的低潮期，但是努力克服困境的勇氣令人敬佩。', '療癒,釋放,解脫'),
(311, 3, 42, '聖杯六代表即使遇到不好的狀況，也會有朋友給出情感上的支持，也有可能代表會遇到熟悉的老朋友。', '懷舊,回憶,快樂', '可能會經歷一些不好的事情，或者覺得好像得不到別人的支持，在心理層面上比較辛苦。', '停滯,逃避,不安'),
(312, 3, 43, '內心對於未來有過多不切實際的期待，當動手去做的時候就會發現。', '選擇,夢想,幻想', '雖然期待落空，但未必不是一件好事，至少可以看清現實。', '錯誤,迷惑,欺騙'),
(313, 3, 44, '可能正在嘗試離開不好的狀態，這需要一點時間抽離，不要灰心繼續嘗試就對了。', '追求,前進,探索', '有一句話是這麼說的，「比錯誤的選擇還糟糕的就是不選擇」，要斷不斷代表運勢正處在低潮期，痛下決定也許還有機會翻轉。', '逃避,停滯,困惑'),
(314, 3, 45, '近期的運勢不錯，感覺整個人春風得意。', '願望,成就,喜悅', '近期的運勢會受到一點阻礙，原本預期可以得到的有可能會意外落空。', '阻礙,不滿,延遲'),
(315, 3, 46, '最近的一切都讓人感到順心滿意，幸福與快樂圍繞在日常生活中。', '家庭,和諧,幸福', '如果有不順心的事，可以回頭想想自己其實擁有美好的生活，不要過度放大一些生活上的不如意。', '衝突,不滿,失望'),
(316, 3, 47, '此卡的意思是學習新事物，尤其是您的情感，思想和感受。您可能會覺得自己所面對的是根本不熟悉的事情。您將不得不適應新的社會或學習如何使自己適應剛剛認識的人。', '友善,開始,溝通', '逆位的聖杯侍者意味著你可能壓抑情感或迷失於幻想，導致靈感受阻或內心不安。這張牌建議你調整心態，並以現實重拾方向', '誤解,阻礙,失望'),
(317, 3, 48, '您的生活將發生非常緩慢的變化。因此，您可能會感到不滿意，因為它太遲了。某些人可能會覺得此時的生活過於簡單和無聊。', '追求,努力,浪漫', '逆位的聖杯騎士意味著你可能迷失於幻想或情感不真，導致行動受阻或內心失衡。這張牌建議你調整心態，並以現實重拾方向。', '衝動,誤解,迷惑'),
(318, 3, 49, '你會感到非常情感化和敏感。這可能會對你的情緒產生影響，此時，您可能將自己與朋友和其他人分開。周圍的人可能會擔心您對他人的適應，因為您似乎對任何變化都漠不關心，而不是嘗試學習新事物。因此要特別注意保持積極的態度，並避免過度擔憂。你可以通過與朋友和家人交流來紓解壓力，並關注自己的心理健康。', '支持,照顧,溫柔', '逆位的聖杯皇后意味著你可能過於情緒化或依賴他人，導致情感失衡或內心不安。這張牌建議你調整界限，並以穩定重拾力量。', '情緒化,依賴,不安'),
(319, 3, 50, '當這張卡出現，表示您處於令人沮喪的境地或擔心某事，但無法直接說出或演示它。請嘗試控制您的情緒敏感性，因為其他人可能認為您不合理且過於諷刺。', '理性,成熟,支持', '逆位的聖杯國王意味著你可能過於情緒化或操控他人，導致內心失衡或影響力受損。這張牌建議你調整心態，並以理性重拾穩定。', '冷漠,控制,壓力'),
(320, 3, 51, '很多問題有機會一次想清楚，趁著頭腦清醒應該思考更長遠的規劃。', '分析,決策,新開始', '當斷不斷，以後反而會造成更大的麻煩，如果決定好了就應該義無反顧地前進。', '困惑,猶豫,延遲'),
(321, 3, 52, '被卡在進退維谷的中間，無法做出選擇，你希望有人能幫你決定，然而這可能不是最佳的決策。', '選擇,決定,理智', '也許會被強迫做出決定，因為沒有更好的選擇、只能在不得不的狀態下需要做出違心的選擇。', '猶豫,迷惑,延遲'),
(322, 3, 53, '近期運勢不佳，可能會有受到傷害、背叛或是失落不如意的可能。', '分離,心痛,挫折', '試著學習如何走出傷痛的陰影，才能讓過去不再影響著未來。', '療癒,釋放,重建'),
(323, 3, 54, '也許之前遇到了一些不愉快的事，因此需要一段沉澱的時間。', '沈澱,療癒,休息', '讓該過去的過去，保持心情平靜，別讓不愉快的事情來困擾你。', '無力,停滯,焦躁'),
(324, 3, 55, '如果不想與人起爭執，就減少在不必要的事情上打轉', '競爭,爭執,衝突', '容易捲入是非中，盡量減少不必要的爭執，也許就可以躲過。', '合作,和解,學習'),
(325, 3, 56, '即將度過不好的運勢，逐漸走入和緩，這個時間可長可短，要看抽牌時設定的時間。', '轉變,過渡,旅程', '近期可能會有一段痛苦的時間，有些不好的事情又重新找上你，讓你不得安寧。', '不安,停滯,焦慮'),
(326, 3, 57, '如果想走捷徑的話也不是不行，但是要注意不要違背良心，以免留下把柄', '計畫,策略,謹慎', '你正想要嘗試的方法可能會失敗或被發現，可以試著公開尋求別人的協助而不是運用投機取巧的方法。', '欺騙,阻礙,失敗'),
(327, 3, 58, '你被自己的心態困住了，難以動彈，如果願意面對並解決問題，那麼其實就可以順利度過。', '限制,束縛,困境', '你發覺自己的困境，並且願意嘗試從困境中逃脫。', '自由,解脫,釋放'),
(328, 3, 59, '可能有某件事情困擾你很久了，也許你該找人聊聊、或是嘗試各種方法宣洩。', '恐懼,擔憂,焦慮', '你正面臨不安焦慮的情緒，可能會因此對別人產生敵意。', '釋放,平靜,解脫'),
(329, 3, 60, '運勢可能走到谷底了，不要自己一個人硬撐，該好好休息或找人援助', '失敗,痛苦,結束', '現在不是博最後一把的好時機，千萬不要孤注一擲。', '重生,釋放,療癒'),
(330, 3, 61, '該卡的含義不是很好。總體情況並不安全，您需要保持謹慎。注意您的言語，並嘗試緊閉嘴唇，因為您可能容易與他人發生衝突', '觀察,學習,探索', '逆位的寶劍侍者意味著你可能過於衝動或多疑，導致思想混亂或訊息誤解。這張牌建議你調整心態，並以冷靜重拾清晰。', '延遲,迷惑,誤解'),
(331, 3, 62, '總體來說，這不是做任何事情或有任何擴張的好時機。形勢仍然不穩定，預測的結論是困難的。對於工作來說，您可能會遇到一個意想不到的問題，這會使您感到壓力很大。', '冒險,勇氣,行動', '逆位的寶劍騎士意味著你可能過於衝動或失去方向，導致行動混亂或傷害他人。這張牌建議你調整速度，並以冷靜重拾平衡。', '衝動,失敗,迷惑'),
(332, 3, 63, '此卡指處在高張力和壓力的情況下。您可能會遇到各種阻礙您的障礙。但是，如果您不草率採取行動，您仍然可以生存。', '分析,洞察,理智', '逆位的寶劍皇后意味著你可能過於冷酷或失去理智，導致洞察受阻或內心失衡。這張牌建議你調整態度，並以溫柔重拾平衡。', '苛刻,冷漠,批評'),
(333, 3, 64, '此卡意味著你生活中的緊張和壓力。您可能會因思考過多而感到疲勞。此外，周圍的氣氛和人會使您情緒低落。因此，請更加耐心，以便能通過到最後。', '判斷,智慧,理性', '逆位的寶劍國王意味著你可能過於冷酷或固執，導致權威受損或理智失衡。這張牌建議你調整態度，並以靈活重拾平衡。', '專橫,冷漠,霸道'),
(334, 3, 65, '如果你正開始一項新的工作或事業，那麼恭喜你將會有一個很好的開始。', '穩定,機會,資源', '可能會錯失不錯的機會，小心金錢的流失', '阻礙,浪費,延遲'),
(335, 3, 66, '近期可能會遇上資源不足的狀況，幸好你的能力不錯，所以還在掌握之中。', '理財,平衡,調整', '你需要拋棄掉一些對你無用甚至有害的事物，才能讓生活再度回到平衡', '焦慮,混亂,不穩'),
(336, 3, 67, '懂得與他人合作才能帶來更高的效率、與他人合作情況良好。', '努力,合作,技能', '團隊運作上出現狀況需要解決，可能與合作夥伴出現小摩擦。', '阻礙,衝突,停滯'),
(337, 3, 68, '可以牢牢掌握你想掌握的事物，這樣會令你感到有安全感', '穩定,安全,保護', '有些原本想要牢牢掌握的事情，卻變得力不從心。', '固執,限制,貪婪'),
(338, 3, 69, '你想做的事情讓你非常沒有安全感，而且可能會害你有一大筆支出或是破財。', '失落,困難,挑戰', '因為過去的損失或即將到來的損失，會讓你學到無比珍貴的經驗，這些經驗會帶你找到人生的出口。', '支持,改善,重建'),
(339, 3, 70, '你付出的努力會得到公平的對待，你也了解這是你應得的收穫。', '幫助,支持,分享', '可能暫時會感覺到孤立無援，因此很希望有人可以適時伸出援手。', '自私,阻礙,不平衡'),
(340, 3, 71, '你知道目前是關鍵的時刻，只要持續投入就能得到穩定的回報。', '耐心,努力,策略', '對於未來你似乎顯得有點急躁，也缺乏耐心穩固過去建立的基礎。', '延遲,懈怠,挫折'),
(341, 3, 72, '你很勤奮努力，現在是迎來收穫的時刻。', '勤奮,專注,努力', '最近可能會有點沈迷於某些事物導致耽誤了正事，試著把心情穩定下來再繼續吧。', '疏忽,怠惰,分心'),
(342, 3, 73, '你很滿意近期的狀態，尤其是金錢物質方面。', '享受,成就,獨立', '如果對於現狀不滿足，就需要先檢視一下哪個部分可以再調整改進。', '孤立,浪費,自滿'),
(343, 3, 74, '近期運勢相當不錯，很多事情都會有一個圓滿的結果。', '穩定,豐盛,家庭', '團體中可能出現了裂痕，無法很好的融入團體，也有可能是經濟上出現一些問題', '壓力,損失,困難'),
(344, 3, 75, '此卡指示學習新事物，適應新的不同環境並開始省錢的情況。對於工作或學習，此卡是指勤奮好學的人。這可能是一個好時機，你會學到新的東西或做一些你從未做過的事，但你會喜歡它。', '機會,學習,新計畫', '逆位的錢幣侍者意味著你可能過於分心或缺乏努力，導致潛能受阻或基礎不穩。這張牌建議你重新聚焦，並以務實重拾方向。', '錯失,不成熟,延遲'),
(345, 3, 76, '在這段時間裡，您將認真對待所有事情；工作，財務和愛情。至於工作，您的工作並不艱辛，可以輕鬆進行。沒有困難，沒有刺激，也沒有挑戰。', '踏實,策略,穩定', '逆位的錢幣騎士意味著你可能過於固執或停滯不前，導致努力無果或壓力增加。這張牌建議你調整心態，並以靈活重拾進展', '遲緩,阻礙,拖延'),
(346, 3, 77, '這是一張豐富而完美的卡片。事情進展緩慢而安全。這是您工作和財務的好時機。至於工作，您的老闆或主管會信任您。', '養育,管理,富足', '逆位的錢幣皇后意味著你可能過於控制或缺乏滋養，導致穩定受損或壓力增加。這張牌建議你釋放執著，並以同理重拾平衡', '過度保護,浪費,依賴'),
(347, 3, 78, '這張牌代表著財富、穩定和豐收。在整體運勢方面，你會感到非常穩定和堅定。你會有足夠的資源和支持，可以在自己的計劃中取得成功。', '穩定,管理,掌控', '逆位的錢幣國王意味著你可能過於固執或貪婪，導致繁榮受損或壓力增加。這張牌建議你調整態度，並以靈活重拾平衡。', '固執,貪婪,浪費'),
(348, 5, 1, '這是一個將你帶上全新旅程的開始、選擇一個有風險卻能讓你感覺有新鮮感的科目', '學習,嘗試,自由', '漫無目標，學習不專心，容易分心或半途而廢', '分心,猶豫,迷茫'),
(349, 5, 2, '要有自發性，才不致於浪費了進修機會，選擇可以讓你發揮出技巧或技術的科目，帶有創造性的科目', '專注,學習,創造', '紙上談兵，誤用才能，缺乏實踐力', '混亂,迷惑,缺乏紀律'),
(350, 5, 3, '首先專注於自己的本科，豐富自己的內涵，盡量以不變應萬變', '專注,洞察,理解', '心神不寧，理解力下降，難以掌握關鍵重點', '分心,不耐煩,迷失'),
(351, 5, 4, '需要努力耕耘才能大豐收，選擇與創造創意相關的科目', '學習,耐心,滋養', '懶惰，缺乏主動性，過度依賴他人', '拖延,分心,阻礙'),
(352, 5, 5, '要打好基礎遵守紀律不至於浪費時間與金錢，選擇較為傳統不必講求創意的學科或科系', '紀律,專注,計畫', '過於死板，壓力過大，難以靈活應變', '懶散,分心,拖延'),
(353, 5, 6, '選擇較保守、傳統的體制，循序漸進虛心求教', '專注,耐心,學習', '排斥學校制度，學習叛逆，不聽勸告', '偏差,迷惑,懶散'),
(354, 5, 7, '清楚了解自己的意向與志向而非來自他人對你的期望，以自我成長為首要目的', '情感選擇,理解,平衡', '容易被感情影響學業，選擇困難，分心', '迷茫,猶豫,衝突'),
(355, 5, 8, '要清楚了解渴望成就的目標，先清楚了解進修的目的，勿頭腦發熱追潮流跟風', '專注,行動,克服', '缺乏自制力，學習半調子，容易分神', '拖延,猶豫,挫折'),
(356, 5, 9, '耐心十足，勤奮努力，有毅力完成學業', '毅力,專注,自律', '意志薄弱，容易受誘惑，缺乏堅持', '懶散,分心,恐懼'),
(357, 5, 10, '專心研讀，適合進修、自修，提升思考深度', '學習,洞察,內省', '過度封閉，學習無方向，容易迷失', '懶散,逃避,迷茫'),
(358, 5, 11, '學業運勢轉好，有好機會，可能突然考上', '機會,學習,轉變', '運氣不佳，容易錯失良機，計畫變動頻繁', '停滯,迷茫,失敗'),
(359, 5, 12, '邏輯清晰，公平公正，適合法律、理科領域', '客觀,分析,理解', '偏心、作弊，缺乏客觀評估學習成果', '偏見,迷惑,拖延'),
(360, 5, 13, '需要調整學習方式，耐心等待成果出現', '反思,學習,改變', '時間浪費，缺乏突破，自我犧牲卻沒回報', '拖延,迷惑,不安'),
(361, 5, 14, '結束過時的學習模式，迎來轉機或新學習目標', '學習,釋放,改變', '不願面對學習問題，固執保守，停滯不前', '抗拒,拖延,迷茫'),
(362, 5, 15, '學業與生活平衡，時間分配良好，穩定進步', '自律,學習,平衡', '學習過度或過少，效率低，心浮氣躁', '懶散,失衡,拖延'),
(363, 5, 16, '沉迷於手機、娛樂或逃避學業，學習受影響', '欲望,誘惑,挑戰', '下定決心擺脫壞習慣，重拾讀書動力', '清醒,脫困,自律'),
(364, 5, 17, '學業遭遇重大挫折，如落榜或壓力爆炸', '震撼,改變,突破', '已從低潮恢復，正重建學習信心', '穩定,避免,拖延'),
(365, 5, 18, '充滿希望與靈感，對未來學業充滿憧憬', '靈感,希望,療癒', '理想過高但實際行動不足，信心動搖', '失望,不安,迷茫'),
(366, 5, 19, '學習方向不明，感到迷惘、難以集中', '直覺,迷惑,夢境', '真相逐漸明朗，開始釐清目標與步驟', '清晰,明朗,洞察'),
(367, 5, 20, '學業成果顯著，考試順利，自信心提升', '快樂,光明,活力', '被小事影響，考試不如預期但仍有轉圜', '迷茫,阻礙,挫折'),
(368, 5, 21, '學業上進入新的階段，適合進修或轉換跑道', '覺醒,反思,改變', '不願面對學習壓力，逃避責任', '逃避,猶豫,停滯'),
(369, 5, 22, '圓滿結束學業，畢業或考試成功', '圓滿,完成,喜悅', '未完成目標，學業拖延、卡關', '阻礙,挫折,延遲'),
(370, 5, 23, '學習充滿熱忱，有新計畫、靈感湧現', '新計畫,勇氣,啟發', '動力不足，學習計畫拖延、無法展開', '拖延,停滯,不穩'),
(371, 5, 24, '開始規劃學習方向，有遠見', '決策,目標,方向', '猶豫不決，難以下定決心讀書或選擇課程', '拖延,迷惑,猶豫'),
(372, 5, 25, '學業有進展，計劃穩定發展', '進展,行動,成就', '學習進度停滯，遠景模糊', '延遲,阻礙,迷茫'),
(373, 5, 26, '考試順利，學業有成果，可能完成一階段目標', '穩定,團隊,成就', '目標未達成，學習環境不穩', '不和,延遲,阻礙'),
(374, 5, 27, '學業競爭激烈，良性挑戰能激發潛力', '衝突,挑戰,考驗', '衝突內耗，學習受人際或壓力影響', '平衡,解決,和諧'),
(375, 5, 28, '學業表現受到認可，考試有望成功', '勝利,成功,榮譽', '缺乏自信，或表現不如預期', '失落,阻礙,挫折'),
(376, 5, 29, '堅持到底，有毅力抵抗學習阻力', '防衛,努力,堅持', '壓力過大，缺乏動力或信心', '放棄,退縮,挫折'),
(377, 5, 30, '學習進度迅速，效率提升，有好消息', '行動,加速,前進', '進度延遲，計畫被打亂', '阻礙,延遲,混亂'),
(378, 5, 31, '學習歷經挫折仍堅持不懈，保守但穩定', '防衛,堅持,警覺', '對學業失去耐心，容易放棄', '退縮,挫折,疲憊'),
(379, 5, 32, '課業壓力大，負擔沉重但仍可完成', '重擔,負擔,壓力', '無法承受壓力，學習失衡或崩潰', '釋放,輕鬆,自由'),
(380, 5, 33, '對新知充滿好奇，有學習熱情', '消息,探索,好奇', '缺乏動力，三分鐘熱度，注意力不集中', '停滯,延遲,迷惑'),
(381, 5, 34, '積極進取，行動力強，有讀書衝刺力', '熱情,冒險,行動', '衝動冒進，無計畫學習，容易倦怠', '停滯,延遲,衝動'),
(382, 5, 35, '主動積極，組織能力佳，適合團體學習', '領導,明智,支持', '過度掌控、心浮氣躁，難以專注', '固執,操控,壓力'),
(383, 5, 36, '具備領導與規劃能力，可達成長遠學業目標', '權威,智慧,決策', '驕傲自滿，缺乏實際行動或責任感', '專橫,壓力,控制'),
(384, 5, 37, '對學習有熱愛與靈感，學習氣氛良好', '愛,喜悅,新機會', '對課業失去熱情，學習倦怠', '迷茫,延遲,失落'),
(385, 5, 38, '良好人際關係，有學伴、合作順利', '伙伴,愛,合作', '同儕或師長衝突，情緒干擾學習', '衝突,冷淡,疏遠'),
(386, 5, 39, '學習氣氛輕鬆愉快，團體合作佳', '幸福,友情,慶祝', '玩樂過頭，分心，不專心學習', '孤立,衝突,失落'),
(387, 5, 40, '對課業缺乏興趣，需要新刺激', '思考,沉澱,滿足', '開始重拾動力，有心學習', '焦慮,不滿,無聊'),
(388, 5, 41, '對學業失望，成績不理想，缺乏信心', '悲傷,遺憾,悔恨', '逐漸放下失敗，準備重新開始', '放下,釋放,療癒'),
(389, 5, 42, '回顧過去的學習經驗，穩定發展', '回憶,幸福,懷舊', '沉溺於過去，逃避現實挑戰', '逃避,停滯,遲疑'),
(390, 5, 43, '想法太多難以專注，優柔寡斷', '夢想,希望,選擇', '聚焦目標，開始腳踏實地', '迷茫,猶豫,錯誤'),
(391, 5, 44, '放棄不合適的學習方式，轉向新方向', '離開,改變,追求', '無法割捨現狀，停滯不前', '迷茫,停滯,逃避'),
(392, 5, 45, '學業成果令人滿意，心情愉悅', '幸福,滿足,願望', '期望過高，成果不符期待', '不滿,阻礙,延遲'),
(393, 5, 46, '家人支持，學業發展穩定', '幸福,家庭,滿足', '家庭或情感問題影響學習', '分離,衝突,不安'),
(394, 5, 47, '對學習保持純真與好奇，有創意', '消息,嘗試,新開始', '心不在焉，學業易被情緒左右', '延遲,困惑,阻礙'),
(395, 5, 48, '對理想學業方向充滿憧憬，願意行動', '熱情,行動,探索', '逃避現實，不切實際的幻想影響進度', '阻礙,迷惑,停滯'),
(396, 5, 49, '直覺敏銳，感受力強，適合藝術或文學相關學習', '直覺,愛,關懷', '情緒化，難以理性規劃學習', '過度,情緒,依賴'),
(397, 5, 50, '情緒成熟，學習態度穩重，有智慧指引', '智慧,穩定,成熟', '情緒壓抑，缺乏自我掌控力', '專橫,冷漠,操控'),
(398, 5, 51, '頭腦清晰，邏輯與表達力佳，適合考試或論述', '創意,智慧,判斷', '思緒混亂，難以集中精神，表達力下降', '迷茫,錯誤,停滯'),
(399, 5, 52, '猶豫不決，難以做出選擇（如選科、進修）', '理智,平衡,判斷', '面對現實，開始行動或下決定', '停滯,猶豫,困惑'),
(400, 5, 53, '學業失利、批評傷人、考試失敗導致挫折', '痛苦,悲傷,失落', '逐漸走出低潮，學會從錯誤中成長', '釋放,療癒,重生'),
(401, 5, 54, '需要休息，學習過勞或效率低下，適合暫停沉澱', '平靜,休息,療癒', '休息過久，拖延學習，該重新開始', '停滯,焦慮,不安'),
(402, 5, 55, '學業中出現爭執或競爭，適得其反的勝利', '衝突,挑戰,失敗', '學會放下爭強，嘗試合作取代對抗', '妥協,反思,和解'),
(403, 5, 56, '離開困境，轉向新的學習階段，進入穩定期', '前進,過渡,調整', '遲疑不前，無法跳脫現狀，停滯不前', '停滯,迷茫,困惑'),
(404, 5, 57, '學業策略運用靈活，但需注意誠信（如作弊風險）', '策略,計畫,謹慎', '謊言揭露，需正視自己的問題，改進方式', '阻礙,欺騙,失敗'),
(405, 5, 58, '感覺被學業束縛，無法突破，學習壓力大', '困境,壓力,阻礙', '逐漸解脫，學會調整心態與方式', '釋放,自由,解脫'),
(406, 5, 59, '焦慮失眠，考前壓力爆表，自我懷疑', '擔憂,焦慮,恐懼', '緊張稍解，雖仍擔憂但逐漸好轉', '解脫,平靜,釋放'),
(407, 5, 60, '學業重大失敗或打擊，心力交瘁', '結束,挑戰,痛苦', '谷底反彈，開始重新振作', '釋放,療癒,重生'),
(408, 5, 61, '學習態度嚴謹，觀察力敏銳，善於分析', '思考,訊息,分析', '言語尖銳，容易與師長同學衝突', '停滯,迷茫,困惑'),
(409, 5, 62, '行動迅速，目標明確，衝刺力強', '快速,決策,前進', '魯莽衝動，學習欠缺深度與規劃', '阻礙,錯誤,衝動'),
(410, 5, 63, '理性冷靜，分析能力高，適合邏輯性強的科目', '理智,洞察,智慧', '過於苛求自己或他人，心態不穩定', '冷漠,苛責,批判'),
(411, 5, 64, '具備學術高度與領導力，能勝任研究、考試等任務', '決策,理性,掌控', '固執己見，不聽勸告，學習方式僵化', '操控,冷漠,霸道'),
(412, 5, 65, '新的學習機會降臨，踏實開始，有長期潛力', '新開始,財務,實踐', '機會流失，或起步不穩、欠缺實際行動', '浪費,停滯,阻礙'),
(413, 5, 66, '善於時間管理，兼顧學業與其他事務', '調整,管理,平衡', '時間分配不當，學業效率低下', '混亂,不穩,阻礙'),
(414, 5, 67, '團隊學習佳，與師長、同儕合作愉快，技術實作進步', '成長,合作,技能', '合作不順，或學習技術尚未純熟', '衝突,停滯,錯失'),
(415, 5, 68, '學習方式保守，重視成果與安全感', '管理,安全,穩定', '害怕改變，不願接受新知，侷限成長', '限制,貪婪,固執'),
(416, 5, 69, '成績低迷、缺乏資源或支持，學業困難', '困境,失落,挑戰', '困境開始改善，逐漸獲得幫助', '復原,改善,支持'),
(417, 5, 70, '學習有收穫，也願意幫助他人，有回報', '平衡,合作,分享', '過度依賴別人，不對等的付出或索取', '貪婪,不公,阻礙'),
(418, 5, 71, '耐心耕耘中，學業進展穩定，有長期回報', '成果,努力,回報', '等待過久但無成果，感到失望', '失望,延遲,懈怠'),
(419, 5, 72, '勤奮不懈，努力練習，技術精進，成績逐步提高', '專注,努力,技能', '重複學習但無效率，感到枯燥', '散漫,怠惰,疏忽'),
(420, 5, 73, '自律自學成功，成績穩定，可自我成就感', '自立,成果,享受', '學業過於依賴他人，缺乏獨立性', '自滿,浪費,孤立'),
(421, 5, 74, '家庭支持學業，資源豐富，適合長期發展', '財富,穩定,豐盛', '家中壓力或期待過重，可能成為學業負擔', '困境,失衡,損失'),
(422, 5, 75, '對學習抱持認真態度，踏實進步，適合進修', '探索,技能,機會', '缺乏目標，學習懶散，容易三分鐘熱度', '延遲,錯失,停滯'),
(423, 5, 76, '腳踏實地，按部就班達成學業目標', '努力,穩定,踏實', '過於遲緩或僵化，缺乏彈性與熱情', '固執,拖延,停滯'),
(424, 5, 77, '善於照顧自己與他人，學業生活平衡', '富足,穩定,照顧', '過於依賴、懶散或無法妥善管理學業', '依賴,浪費,過度保護'),
(425, 5, 78, '擁有學術實力與現實成果，能達到學業巔峰', '理財,掌控,穩定', '功利心太重，學習失去初衷或意義', '浪費,貪婪,固執');

-- --------------------------------------------------------

--
-- 資料表結構 `categories`
--

CREATE TABLE `categories` (
  `id` int(10) NOT NULL COMMENT '類別 ID',
  `name` varchar(10) NOT NULL COMMENT '類別名稱',
  `description` text NOT NULL COMMENT '類別說明'
) ENGINE=InnoDB DEFAULT CHARSET=utf8mb4 COLLATE=utf8mb4_general_ci;

--
-- 傾印資料表的資料 `categories`
--

INSERT INTO `categories` (`id`, `name`, `description`) VALUES
(1, '感情', '關於戀愛、感情、關係的問題'),
(2, '事業', '與工作、升遷、創業等有關的問題'),
(3, '財運', '關於金錢、投資、收入的問題'),
(4, '運勢', '整體生活或近期運勢的狀況'),
(5, '學業', '考試、成績、學習方向相關的問題');

-- --------------------------------------------------------

--
-- 資料表結構 `keywords`
--

CREATE TABLE `keywords` (
  `id` int(11) NOT NULL,
  `name` varchar(100) NOT NULL
) ENGINE=InnoDB DEFAULT CHARSET=utf8mb4 COLLATE=utf8mb4_general_ci;

--
-- 傾印資料表的資料 `keywords`
--

INSERT INTO `keywords` (`id`, `name`) VALUES
(16, '不公'),
(102, '不公平'),
(34, '不合規'),
(208, '不和'),
(209, '不均'),
(131, '不安'),
(367, '不安全'),
(410, '不專注'),
(349, '不平衡'),
(280, '不成熟'),
(366, '不明智'),
(404, '不滿'),
(115, '不確定'),
(419, '不穩'),
(409, '不穩定'),
(139, '不耐煩'),
(258, '不自信'),
(205, '不誠實'),
(286, '互助'),
(10, '互動'),
(197, '交流'),
(178, '享受'),
(218, '休息'),
(97, '伙伴'),
(157, '依賴'),
(8, '保守'),
(60, '保護'),
(305, '信仰'),
(133, '信任'),
(396, '信念'),
(153, '偏差'),
(392, '偏見'),
(54, '停滯'),
(130, '傳統'),
(194, '僵化'),
(70, '光明'),
(6, '克服'),
(391, '內省'),
(182, '公平'),
(312, '公正'),
(376, '冒險'),
(94, '冒險失敗'),
(421, '冷淡'),
(166, '冷漠'),
(201, '分享'),
(12, '分心'),
(148, '分析'),
(260, '分歧'),
(89, '分裂'),
(149, '分離'),
(32, '判斷'),
(393, '前進'),
(206, '創意'),
(147, '創新'),
(111, '創造'),
(161, '創造力'),
(350, '加速'),
(292, '努力'),
(11, '勇氣'),
(400, '動力'),
(156, '勝利'),
(18, '勤奮'),
(243, '包容'),
(155, '協作'),
(237, '協調'),
(3, '危機'),
(137, '友善'),
(170, '友情'),
(265, '友誼'),
(2, '反思'),
(246, '反抗'),
(43, '合作'),
(117, '合約'),
(307, '同情'),
(96, '吸引'),
(423, '和平'),
(76, '和解'),
(62, '和諧'),
(134, '啟動'),
(192, '啟發'),
(143, '啟示'),
(98, '喜悅'),
(304, '嘗試'),
(328, '回報'),
(370, '回憶'),
(361, '困境'),
(299, '困惑'),
(33, '困擾'),
(374, '困難'),
(190, '固執'),
(203, '圓滿'),
(298, '團結'),
(360, '團隊'),
(36, '堅定'),
(45, '堅持'),
(358, '壓力'),
(285, '多選'),
(109, '夢境'),
(375, '夢想'),
(335, '夥伴'),
(57, '失控'),
(408, '失敗'),
(180, '失望'),
(252, '失眠'),
(257, '失落'),
(99, '失衡'),
(234, '契機'),
(403, '好奇'),
(127, '好消息'),
(229, '好運'),
(347, '妥協'),
(151, '孤獨'),
(406, '孤立'),
(154, '學習'),
(185, '守護'),
(317, '安全'),
(222, '安定'),
(159, '完成'),
(365, '客觀'),
(295, '家庭'),
(329, '富足'),
(283, '實踐'),
(213, '審視'),
(110, '專制'),
(385, '專橫'),
(158, '專注'),
(387, '對抗'),
(181, '希望'),
(284, '幫助'),
(199, '平穩'),
(369, '平衡'),
(164, '平靜'),
(239, '幸福'),
(84, '幻想'),
(163, '幻象'),
(108, '延誤'),
(282, '延遲'),
(226, '強勢'),
(68, '復原'),
(277, '循環'),
(220, '心痛'),
(177, '忍耐'),
(373, '快樂'),
(217, '快速'),
(395, '快速行動'),
(414, '忽略'),
(82, '思考'),
(290, '怠惰'),
(321, '恐懼'),
(51, '悔恨'),
(142, '悲傷'),
(334, '情感'),
(1, '情感控制'),
(193, '情感穩定'),
(9, '情感選擇'),
(81, '情緒'),
(30, '情緒化'),
(125, '意外'),
(255, '意外事件'),
(263, '愛'),
(380, '愛心'),
(278, '愛情'),
(262, '感情'),
(175, '慶祝'),
(121, '懈怠'),
(344, '懦弱'),
(152, '懶散'),
(47, '懷疑'),
(186, '懷舊'),
(417, '成功'),
(126, '成就'),
(195, '成果'),
(129, '成熟'),
(354, '成長'),
(20, '批判'),
(324, '批評'),
(416, '技能'),
(259, '抉擇'),
(271, '投資'),
(425, '投資成功'),
(56, '投資轉變'),
(174, '投資風險'),
(364, '抗拒'),
(50, '拒絕'),
(272, '拓展'),
(44, '拖延'),
(248, '指導'),
(212, '挑戰'),
(245, '挫折'),
(232, '掌控'),
(4, '掌握'),
(327, '探索'),
(250, '控制'),
(240, '控制欲'),
(331, '損失'),
(144, '操控'),
(310, '操縱'),
(256, '擔憂'),
(233, '支持'),
(368, '收穫'),
(340, '改善'),
(172, '改變'),
(105, '放下'),
(244, '放棄'),
(13, '放鬆'),
(352, '敏感'),
(95, '教導'),
(215, '散漫'),
(303, '新想法'),
(223, '新方向'),
(78, '新機會'),
(39, '新消息'),
(389, '新計畫'),
(162, '新訊息'),
(291, '新開始'),
(80, '方向'),
(267, '旅程'),
(119, '旅行'),
(7, '明晰'),
(207, '明智'),
(402, '明朗'),
(173, '智慧'),
(14, '未完成'),
(261, '束縛'),
(309, '極端'),
(179, '榮譽'),
(221, '機會'),
(254, '權力鬥爭'),
(87, '權威'),
(140, '欲望'),
(35, '欺騙'),
(91, '毅力'),
(196, '決定'),
(23, '決心'),
(92, '決斷'),
(46, '決策'),
(346, '沈澱'),
(231, '沉思'),
(315, '沉澱'),
(325, '洞察'),
(355, '活力'),
(112, '浪漫'),
(40, '浪費'),
(378, '消息'),
(187, '消息延遲'),
(270, '混亂'),
(356, '清晰'),
(202, '清楚'),
(266, '清醒'),
(306, '減輕'),
(318, '溝通'),
(289, '溫柔'),
(330, '滋養'),
(61, '滿足'),
(228, '潛力'),
(296, '潛意識'),
(322, '無力'),
(339, '無聊'),
(48, '無趣'),
(422, '焦慮'),
(24, '焦躁'),
(418, '照顧'),
(268, '熱情'),
(93, '爭執'),
(302, '犧牲'),
(224, '猶豫'),
(59, '獨立'),
(230, '理性'),
(293, '理智'),
(37, '理解'),
(88, '理財'),
(200, '疏忽'),
(426, '疏遠'),
(401, '疏離'),
(104, '疲倦'),
(319, '疲憊'),
(338, '痛苦'),
(398, '療癒'),
(118, '發展'),
(242, '目標'),
(52, '目標達成'),
(236, '直覺'),
(316, '真理'),
(138, '真相'),
(73, '矛盾'),
(420, '研究'),
(279, '破壞'),
(384, '秘密'),
(308, '秩序'),
(287, '移動'),
(28, '積極'),
(69, '穩定'),
(150, '突發'),
(275, '突破'),
(413, '童年'),
(188, '競爭'),
(65, '等待'),
(407, '策略'),
(211, '管理'),
(412, '節制'),
(372, '紀律'),
(55, '紛爭'),
(276, '組織'),
(27, '結束'),
(320, '緩解'),
(168, '繁榮'),
(313, '缺乏紀律'),
(225, '考驗'),
(132, '耐心'),
(382, '聚會'),
(114, '能量'),
(22, '脫困'),
(71, '自信'),
(83, '自律'),
(123, '自我'),
(64, '自滿'),
(171, '自由'),
(379, '自私'),
(294, '自立'),
(165, '苛刻'),
(141, '苛責'),
(113, '行動'),
(337, '衝勁'),
(300, '衝動'),
(269, '衝擊'),
(120, '衝突'),
(343, '表達'),
(58, '被動'),
(29, '規則'),
(383, '規劃'),
(204, '規範'),
(219, '規避'),
(362, '覺察'),
(273, '覺醒'),
(411, '觀察'),
(128, '解放'),
(135, '解決'),
(301, '解脫'),
(353, '計劃'),
(53, '計畫'),
(249, '訊息'),
(297, '評估'),
(390, '詭計'),
(19, '認可'),
(311, '誘惑'),
(415, '誤導'),
(189, '誤會'),
(397, '誤解'),
(77, '調整'),
(247, '謹慎'),
(388, '警戒'),
(15, '警覺'),
(348, '變化'),
(5, '豐收'),
(107, '豐盛'),
(227, '負擔'),
(274, '財務'),
(31, '財務困難'),
(86, '財務控制'),
(394, '財務穩定'),
(357, '財務規劃'),
(345, '財富'),
(191, '貧困'),
(198, '貪婪'),
(41, '責任'),
(38, '資源'),
(66, '踏實'),
(332, '輕率'),
(314, '輕鬆'),
(74, '轉機'),
(238, '轉變'),
(341, '迅速'),
(49, '迷失'),
(424, '迷惑'),
(79, '迷惘'),
(253, '迷茫'),
(405, '追求'),
(323, '退縮'),
(351, '逃避'),
(288, '逆轉'),
(42, '速度'),
(386, '進展'),
(146, '過度'),
(169, '過度保護'),
(371, '過度敏感'),
(235, '過渡'),
(326, '違規'),
(26, '遲疑'),
(145, '遲緩'),
(214, '選擇'),
(136, '遺憾'),
(25, '避免'),
(167, '避免災難'),
(63, '釋放'),
(124, '重建'),
(241, '重擔'),
(251, '重生'),
(100, '重組'),
(333, '錯失'),
(106, '錯誤'),
(21, '開始'),
(377, '關係'),
(101, '關愛'),
(103, '關懷'),
(183, '防禦'),
(160, '防衛'),
(17, '阻止'),
(264, '阻礙'),
(116, '限制'),
(336, '陰影'),
(381, '陷阱'),
(184, '隔閡'),
(342, '隱瞞'),
(281, '隱藏'),
(399, '離開'),
(75, '震撼'),
(122, '霸道'),
(363, '靈感'),
(72, '順利'),
(85, '順勢'),
(67, '領導'),
(210, '願望'),
(176, '風險'),
(90, '養育'),
(359, '魅力'),
(216, '魯莽');

-- --------------------------------------------------------

--
-- 資料表結構 `subquestions`
--

CREATE TABLE `subquestions` (
  `id` int(10) NOT NULL,
  `category_id` int(10) NOT NULL,
  `question` text NOT NULL
) ENGINE=InnoDB DEFAULT CHARSET=utf8mb4 COLLATE=utf8mb4_general_ci;

--
-- 傾印資料表的資料 `subquestions`
--

INSERT INTO `subquestions` (`id`, `category_id`, `question`) VALUES
(1, 1, '我跟他現在的關係會有進展嗎？'),
(2, 1, '我們之間的未來發展會是怎樣？'),
(3, 1, '我什麼時候會遇到對的人？'),
(4, 1, '復合有機會嗎？我還該等他嗎？'),
(5, 1, '現在是談戀愛的好時機嗎？'),
(6, 1, '他現在有其他對象嗎？'),
(7, 1, '我該不該繼續等待這段關係？'),
(8, 1, '該不該答應現在的追求者？'),
(9, 1, '我和他的心靈契合度如何？'),
(10, 1, '我今年會脫單嗎？'),
(11, 1, '他對我有好感嗎？'),
(12, 1, '未來一年我會結婚嗎？'),
(13, 1, '我該主動追求她/他嗎？'),
(14, 1, '我身邊有人對我有好感嗎？'),
(15, 2, '現在的工作適合我長久發展嗎？'),
(16, 2, '我有機會升遷嗎？'),
(17, 2, '我應該離職嗎？換工作會比較好嗎？'),
(18, 2, '我的面試會成功嗎？'),
(19, 2, '適合創業嗎？會有成功的可能性嗎？'),
(20, 2, '我的能力是否被老闆看見？'),
(21, 2, '有適合我潛力發展的領域嗎？'),
(22, 2, '我的薪資有機會增加嗎？'),
(23, 4, '我這週的整體運勢如何？'),
(24, 4, '我正在做的這件事會成功嗎？'),
(25, 4, '我的生活中有什麼隱藏的危機嗎？'),
(26, 4, '運氣什麼時候會變好？'),
(27, 4, '現在是否適合做重大決定？'),
(28, 4, '有人正在背後關心我/保護我嗎？'),
(29, 4, '我的直覺目前準確嗎？能相信嗎？'),
(30, 3, '我的財運什麼時候會變好？'),
(31, 3, '現在適合投資嗎？'),
(32, 3, '最近會有意外之財嗎？'),
(33, 3, '我的財務壓力會在近期解決嗎？'),
(34, 3, '投資這個項目會有回報嗎？'),
(35, 3, '哪個方向比較能帶來金錢流？'),
(36, 5, '我這次考試會考得好嗎？'),
(37, 5, '我該怎麼提升學習效率？'),
(38, 5, '我有機會考上理想的學校/科系嗎？'),
(39, 5, '適合繼續讀研究所嗎？'),
(40, 5, '我的學習方式是否正確？'),
(41, 5, '我的努力會被看見嗎？'),
(42, 5, '我應該專注哪一科才有突破？'),
(43, 5, '如何面對家人/師長對學業的期待？'),
(44, 5, '我的考試焦慮該怎麼克服？'),
(45, 5, '自學會比補習更有效嗎？'),
(46, 5, '選擇這個學科會有未來嗎？');

--
-- 已傾印資料表的索引
--

--
-- 資料表索引 `cards`
--
ALTER TABLE `cards`
  ADD PRIMARY KEY (`id`);

--
-- 資料表索引 `card_meanings`
--
ALTER TABLE `card_meanings`
  ADD PRIMARY KEY (`id`),
  ADD KEY `fk_card_meanings_category_id` (`category_id`),
  ADD KEY `fk_card_meanings_card_id` (`card_id`) USING BTREE;

--
-- 資料表索引 `categories`
--
ALTER TABLE `categories`
  ADD PRIMARY KEY (`id`);

--
-- 資料表索引 `keywords`
--
ALTER TABLE `keywords`
  ADD PRIMARY KEY (`id`),
  ADD UNIQUE KEY `name` (`name`);

--
-- 資料表索引 `subquestions`
--
ALTER TABLE `subquestions`
  ADD PRIMARY KEY (`id`),
  ADD KEY `subquestions_category_id` (`category_id`);

--
-- 在傾印的資料表使用自動遞增(AUTO_INCREMENT)
--

--
-- 使用資料表自動遞增(AUTO_INCREMENT) `cards`
--
ALTER TABLE `cards`
  MODIFY `id` int(10) NOT NULL AUTO_INCREMENT, AUTO_INCREMENT=157;

--
-- 使用資料表自動遞增(AUTO_INCREMENT) `card_meanings`
--
ALTER TABLE `card_meanings`
  MODIFY `id` int(10) NOT NULL AUTO_INCREMENT, AUTO_INCREMENT=426;

--
-- 使用資料表自動遞增(AUTO_INCREMENT) `categories`
--
ALTER TABLE `categories`
  MODIFY `id` int(10) NOT NULL AUTO_INCREMENT COMMENT '類別 ID', AUTO_INCREMENT=16;

--
-- 使用資料表自動遞增(AUTO_INCREMENT) `keywords`
--
ALTER TABLE `keywords`
  MODIFY `id` int(11) NOT NULL AUTO_INCREMENT, AUTO_INCREMENT=427;

--
-- 使用資料表自動遞增(AUTO_INCREMENT) `subquestions`
--
ALTER TABLE `subquestions`
  MODIFY `id` int(10) NOT NULL AUTO_INCREMENT, AUTO_INCREMENT=47;

--
-- 已傾印資料表的限制式
--

--
-- 資料表的限制式 `card_meanings`
--
ALTER TABLE `card_meanings`
  ADD CONSTRAINT `fk_card_meanings_card_id` FOREIGN KEY (`card_id`) REFERENCES `cards` (`id`) ON DELETE CASCADE ON UPDATE CASCADE,
  ADD CONSTRAINT `fk_card_meanings_category_id` FOREIGN KEY (`category_id`) REFERENCES `categories` (`id`) ON DELETE CASCADE ON UPDATE CASCADE;

--
-- 資料表的限制式 `subquestions`
--
ALTER TABLE `subquestions`
  ADD CONSTRAINT `	fk_subquestions_category` FOREIGN KEY (`category_id`) REFERENCES `categories` (`id`) ON DELETE CASCADE ON UPDATE CASCADE;
COMMIT;

/*!40101 SET CHARACTER_SET_CLIENT=@OLD_CHARACTER_SET_CLIENT */;
/*!40101 SET CHARACTER_SET_RESULTS=@OLD_CHARACTER_SET_RESULTS */;
/*!40101 SET COLLATION_CONNECTION=@OLD_COLLATION_CONNECTION */;
